-- MySQL dump 10.13  Distrib 8.0.26, for Win64 (x86_64)
--
-- Host: localhost    Database: social_network
-- ------------------------------------------------------
-- Server version	8.0.26

/*!40101 SET @OLD_CHARACTER_SET_CLIENT=@@CHARACTER_SET_CLIENT */;
/*!40101 SET @OLD_CHARACTER_SET_RESULTS=@@CHARACTER_SET_RESULTS */;
/*!40101 SET @OLD_COLLATION_CONNECTION=@@COLLATION_CONNECTION */;
/*!50503 SET NAMES utf8mb4 */;
/*!40103 SET @OLD_TIME_ZONE=@@TIME_ZONE */;
/*!40103 SET TIME_ZONE='+00:00' */;
/*!40014 SET @OLD_UNIQUE_CHECKS=@@UNIQUE_CHECKS, UNIQUE_CHECKS=0 */;
/*!40014 SET @OLD_FOREIGN_KEY_CHECKS=@@FOREIGN_KEY_CHECKS, FOREIGN_KEY_CHECKS=0 */;
/*!40101 SET @OLD_SQL_MODE=@@SQL_MODE, SQL_MODE='NO_AUTO_VALUE_ON_ZERO' */;
/*!40111 SET @OLD_SQL_NOTES=@@SQL_NOTES, SQL_NOTES=0 */;

--
-- Table structure for table `communities`
--

DROP TABLE IF EXISTS `communities`;
/*!40101 SET @saved_cs_client     = @@character_set_client */;
/*!50503 SET character_set_client = utf8mb4 */;
CREATE TABLE `communities` (
  `id` bigint unsigned NOT NULL AUTO_INCREMENT,
  `name` varchar(100) DEFAULT NULL,
  `admin_user_id` bigint unsigned NOT NULL,
  UNIQUE KEY `id` (`id`),
  KEY `communities_name_idx` (`name`),
  KEY `admin_user_id` (`admin_user_id`),
  CONSTRAINT `communities_ibfk_1` FOREIGN KEY (`admin_user_id`) REFERENCES `users` (`id`)
) ENGINE=InnoDB AUTO_INCREMENT=101 DEFAULT CHARSET=utf8mb4 COLLATE=utf8mb4_0900_ai_ci;
/*!40101 SET character_set_client = @saved_cs_client */;

--
-- Dumping data for table `communities`
--

LOCK TABLES `communities` WRITE;
/*!40000 ALTER TABLE `communities` DISABLE KEYS */;
INSERT INTO `communities` VALUES (1,'deleniti',1),(2,'quasi',101),(3,'soluta',102),(4,'alias',103),(5,'error',104),(6,'repellat',105),(7,'veniam',106),(8,'quo',108),(9,'voluptas',111),(10,'earum',115),(11,'et',116),(12,'impedit',117),(13,'in',118),(14,'et',120),(15,'autem',121),(16,'minima',122),(17,'explicabo',123),(18,'est',125),(19,'soluta',127),(20,'esse',128),(21,'culpa',129),(22,'sit',131),(23,'dolore',133),(24,'nemo',134),(25,'iusto',135),(26,'sit',136),(27,'sunt',137),(28,'qui',140),(29,'ut',141),(30,'ut',142),(31,'sit',144),(32,'magni',148),(33,'temporibus',152),(34,'cumque',153),(35,'et',154),(36,'quam',155),(37,'et',156),(38,'et',157),(39,'iste',161),(40,'eaque',162),(41,'reiciendis',163),(42,'ut',165),(43,'nihil',166),(44,'labore',167),(45,'possimus',168),(46,'dignissimos',174),(47,'aut',175),(48,'aperiam',178),(49,'quod',179),(50,'dolores',180),(51,'est',181),(52,'perferendis',182),(53,'quae',183),(54,'corporis',185),(55,'non',186),(56,'nihil',189),(57,'reiciendis',190),(58,'dolores',191),(59,'quis',193),(60,'nobis',195),(61,'cupiditate',196),(62,'est',197),(63,'non',198),(64,'dignissimos',1),(65,'autem',101),(66,'quis',102),(67,'modi',103),(68,'numquam',104),(69,'non',105),(70,'aliquid',106),(71,'labore',108),(72,'est',111),(73,'qui',115),(74,'animi',116),(75,'omnis',117),(76,'delectus',118),(77,'vitae',120),(78,'quo',121),(79,'sit',122),(80,'et',123),(81,'omnis',125),(82,'molestiae',127),(83,'nihil',128),(84,'non',129),(85,'atque',131),(86,'aspernatur',133),(87,'perferendis',134),(88,'dolore',135),(89,'porro',136),(90,'distinctio',137),(91,'quibusdam',140),(92,'animi',141),(93,'quidem',142),(94,'ratione',144),(95,'consequuntur',148),(96,'ut',152),(97,'ut',153),(98,'atque',154),(99,'et',155),(100,'nam',156);
/*!40000 ALTER TABLE `communities` ENABLE KEYS */;
UNLOCK TABLES;

--
-- Table structure for table `friends_requests`
--

DROP TABLE IF EXISTS `friends_requests`;
/*!40101 SET @saved_cs_client     = @@character_set_client */;
/*!50503 SET character_set_client = utf8mb4 */;
CREATE TABLE `friends_requests` (
  `initiator_user_id` bigint unsigned NOT NULL,
  `target_user_id` bigint unsigned NOT NULL,
  `request_status` enum('requested','approved','declined','unfriended') CHARACTER SET utf8 COLLATE utf8_unicode_ci DEFAULT NULL,
  `requested_at` datetime DEFAULT CURRENT_TIMESTAMP,
  `updated_at` datetime DEFAULT CURRENT_TIMESTAMP,
  PRIMARY KEY (`initiator_user_id`,`target_user_id`),
  KEY `target_user_id` (`target_user_id`),
  CONSTRAINT `friends_requests_ibfk_1` FOREIGN KEY (`initiator_user_id`) REFERENCES `users` (`id`),
  CONSTRAINT `friends_requests_ibfk_2` FOREIGN KEY (`target_user_id`) REFERENCES `users` (`id`),
  CONSTRAINT `friends_requests_chk_1` CHECK ((`initiator_user_id` <> `target_user_id`))
) ENGINE=InnoDB DEFAULT CHARSET=utf8mb3 COLLATE=utf8_unicode_ci;
/*!40101 SET character_set_client = @saved_cs_client */;

--
-- Dumping data for table `friends_requests`
--

LOCK TABLES `friends_requests` WRITE;
/*!40000 ALTER TABLE `friends_requests` DISABLE KEYS */;
INSERT INTO `friends_requests` VALUES (1,157,'declined','2021-09-18 13:19:53','2021-09-18 13:19:53'),(102,117,'requested','2021-09-18 13:19:52','2021-09-18 13:19:52'),(105,181,'unfriended','2021-09-18 13:19:52','2021-09-18 13:19:52'),(106,144,'declined','2021-09-18 13:19:53','2021-09-18 13:19:53'),(108,153,'approved','2021-09-18 13:19:53','2021-09-18 13:19:53'),(111,178,'approved','2021-09-18 13:16:34','2021-09-18 13:16:34'),(115,179,'declined','2021-09-18 13:19:53','2021-09-18 13:19:53'),(122,118,'unfriended','2021-09-18 13:18:34','2021-09-18 13:18:34'),(122,141,'unfriended','2021-09-18 13:19:53','2021-09-18 13:19:53'),(123,125,'declined','2021-09-18 13:19:52','2021-09-18 13:19:52'),(123,128,'declined','2021-09-18 13:19:53','2021-09-18 13:19:53'),(127,115,'declined','2021-09-18 13:19:53','2021-09-18 13:19:53'),(128,105,'approved','2021-09-18 13:19:52','2021-09-18 13:19:52'),(128,178,'declined','2021-09-18 13:19:53','2021-09-18 13:19:53'),(129,141,'unfriended','2021-09-18 13:18:41','2021-09-18 13:18:41'),(129,186,'unfriended','2021-09-18 13:18:33','2021-09-18 13:18:33'),(133,118,'declined','2021-09-18 13:19:52','2021-09-18 13:19:52'),(133,196,'approved','2021-09-18 13:19:53','2021-09-18 13:19:53'),(134,105,'unfriended','2021-09-18 13:19:52','2021-09-18 13:19:52'),(134,168,'unfriended','2021-09-18 13:19:53','2021-09-18 13:19:53'),(135,140,'unfriended','2021-09-18 13:19:53','2021-09-18 13:19:53'),(144,102,'requested','2021-09-18 14:09:55','2021-09-18 14:09:55'),(144,104,'unfriended','2021-09-18 14:09:55','2021-09-18 14:09:55'),(144,111,'approved','2021-09-18 14:09:56','2021-09-18 14:09:56'),(144,116,'unfriended','2021-09-18 14:09:55','2021-09-18 14:09:55'),(144,125,'unfriended','2021-09-18 14:09:56','2021-09-18 14:09:56'),(144,127,'approved','2021-09-18 14:09:55','2021-09-18 14:09:55'),(144,131,'declined','2021-09-18 14:09:56','2021-09-18 14:09:56'),(144,135,'declined','2021-09-18 14:09:55','2021-09-18 14:09:55'),(144,136,'declined','2021-09-18 14:09:55','2021-09-18 14:09:55'),(144,152,'requested','2021-09-18 14:09:55','2021-09-18 14:09:55'),(144,157,'declined','2021-09-18 14:09:55','2021-09-18 14:09:55'),(144,166,'approved','2021-09-18 14:08:57','2021-09-18 14:08:57'),(144,168,'declined','2021-09-18 14:09:55','2021-09-18 14:09:55'),(144,179,'unfriended','2021-09-18 14:09:55','2021-09-18 14:09:55'),(144,180,'requested','2021-09-18 14:09:55','2021-09-18 14:09:55'),(144,196,'approved','2021-09-18 14:09:55','2021-09-18 14:09:55'),(148,134,'unfriended','2021-09-18 13:19:53','2021-09-18 13:19:53'),(154,125,'approved','2021-09-18 13:19:53','2021-09-18 13:19:53'),(154,168,'approved','2021-09-18 13:18:33','2021-09-18 13:18:33'),(155,137,'approved','2021-09-18 13:19:52','2021-09-18 13:19:52'),(155,165,'unfriended','2021-09-18 13:19:52','2021-09-18 13:19:52'),(163,144,'declined','2021-09-18 13:19:53','2021-09-18 13:19:53'),(163,198,'declined','2021-09-18 13:19:53','2021-09-18 13:19:53'),(165,137,'approved','2021-09-18 13:19:53','2021-09-18 13:19:53'),(166,157,'requested','2021-09-18 13:19:53','2021-09-18 13:19:53'),(168,198,'unfriended','2021-09-18 13:19:52','2021-09-18 13:19:52'),(174,161,'declined','2021-09-18 13:19:53','2021-09-18 13:19:53'),(174,178,'declined','2021-09-18 13:19:52','2021-09-18 13:19:52'),(175,101,'unfriended','2021-09-18 13:19:53','2021-09-18 13:19:53'),(175,155,'unfriended','2021-09-18 13:19:53','2021-09-18 13:19:53'),(175,166,'approved','2021-09-18 13:18:41','2021-09-18 13:18:41'),(178,103,'unfriended','2021-09-18 13:19:53','2021-09-18 13:19:53'),(178,117,'unfriended','2021-09-18 13:19:53','2021-09-18 13:19:53'),(179,183,'approved','2021-09-18 13:19:53','2021-09-18 13:19:53'),(182,104,'approved','2021-09-18 13:18:41','2021-09-18 13:18:41'),(183,181,'declined','2021-09-18 13:19:53','2021-09-18 13:19:53'),(183,186,'declined','2021-09-18 13:19:53','2021-09-18 13:19:53'),(186,101,'approved','2021-09-18 13:19:53','2021-09-18 13:19:53'),(186,182,'approved','2021-09-18 13:19:53','2021-09-18 13:19:53'),(189,120,'unfriended','2021-09-18 13:18:41','2021-09-18 13:18:41'),(189,166,'approved','2021-09-18 13:19:53','2021-09-18 13:19:53'),(190,117,'approved','2021-09-18 13:19:52','2021-09-18 13:19:52'),(190,191,'declined','2021-09-18 13:19:53','2021-09-18 13:19:53'),(191,137,'unfriended','2021-09-18 13:18:41','2021-09-18 13:18:41'),(191,189,'approved','2021-09-18 13:19:52','2021-09-18 13:19:52'),(193,153,'requested','2021-09-18 13:19:53','2021-09-18 13:19:53'),(195,180,'requested','2021-09-18 13:19:52','2021-09-18 13:19:52'),(196,111,'unfriended','2021-09-18 13:19:52','2021-09-18 13:19:52'),(197,101,'approved','2021-09-18 13:19:53','2021-09-18 13:19:53');
/*!40000 ALTER TABLE `friends_requests` ENABLE KEYS */;
UNLOCK TABLES;

--
-- Table structure for table `likes`
--

DROP TABLE IF EXISTS `likes`;
/*!40101 SET @saved_cs_client     = @@character_set_client */;
/*!50503 SET character_set_client = utf8mb4 */;
CREATE TABLE `likes` (
  `id` bigint unsigned NOT NULL AUTO_INCREMENT,
  `user_id` bigint unsigned NOT NULL,
  `media_id` bigint unsigned NOT NULL,
  `created_at` datetime DEFAULT CURRENT_TIMESTAMP,
  UNIQUE KEY `id` (`id`),
  KEY `user_id` (`user_id`),
  KEY `media_id` (`media_id`),
  CONSTRAINT `likes_ibfk_1` FOREIGN KEY (`user_id`) REFERENCES `users` (`id`),
  CONSTRAINT `likes_ibfk_2` FOREIGN KEY (`media_id`) REFERENCES `media` (`id`)
) ENGINE=InnoDB AUTO_INCREMENT=301 DEFAULT CHARSET=utf8mb3 COLLATE=utf8_unicode_ci;
/*!40101 SET character_set_client = @saved_cs_client */;

--
-- Dumping data for table `likes`
--

LOCK TABLES `likes` WRITE;
/*!40000 ALTER TABLE `likes` DISABLE KEYS */;
INSERT INTO `likes` VALUES (1,1,2,'1989-08-19 11:25:43'),(2,101,4,'1972-07-17 21:25:12'),(3,102,100,'1996-10-06 05:28:17'),(4,103,72,'1975-05-25 11:15:46'),(5,104,83,'2009-02-14 17:03:43'),(6,105,23,'1996-09-15 10:38:46'),(7,106,39,'2012-03-12 06:14:46'),(8,108,71,'2020-02-16 16:05:08'),(9,111,59,'1986-08-02 21:16:02'),(10,115,59,'1984-03-27 12:51:26'),(11,116,25,'1975-10-02 22:00:16'),(12,117,34,'2009-09-25 03:51:11'),(13,118,70,'1985-06-12 18:11:18'),(14,120,45,'2005-09-08 20:37:56'),(15,121,73,'1978-06-20 18:16:46'),(16,122,7,'2011-01-31 15:09:40'),(17,123,64,'1997-04-10 23:34:59'),(18,125,15,'1987-01-02 00:40:26'),(19,127,56,'1976-05-05 02:28:17'),(20,128,1,'1979-08-04 06:01:20'),(21,129,74,'1976-12-10 00:26:43'),(22,131,22,'2017-02-05 22:15:04'),(23,133,26,'1976-09-04 18:05:23'),(24,134,71,'1989-04-02 16:52:49'),(25,135,34,'2015-06-28 18:02:52'),(26,136,89,'1980-08-06 13:04:27'),(27,137,98,'1995-04-19 16:34:05'),(28,140,49,'2012-06-14 21:55:05'),(29,141,40,'2001-05-12 20:40:11'),(30,142,9,'2014-04-20 03:17:02'),(31,144,66,'1987-05-13 15:30:22'),(32,148,39,'2008-01-16 18:31:25'),(33,152,40,'2001-06-04 07:27:15'),(34,153,37,'2009-12-23 02:18:51'),(35,154,10,'1984-05-07 23:20:12'),(36,155,46,'2010-06-19 15:05:28'),(37,156,96,'2012-01-18 09:26:48'),(38,157,65,'1993-11-27 06:54:19'),(39,161,24,'2019-01-13 03:27:51'),(40,162,63,'1998-10-20 20:26:13'),(41,163,43,'2010-12-04 03:22:43'),(42,165,18,'1978-05-26 04:12:28'),(43,166,83,'1984-06-10 21:44:56'),(44,167,14,'1998-01-30 15:51:46'),(45,168,36,'1972-10-25 11:20:33'),(46,174,5,'2017-05-23 01:17:37'),(47,175,53,'1992-08-31 03:25:08'),(48,178,90,'2013-11-13 06:20:07'),(49,179,55,'2005-06-06 23:40:56'),(50,180,5,'2017-08-03 14:31:19'),(51,181,63,'1981-09-13 17:12:20'),(52,182,61,'1995-02-23 08:07:09'),(53,183,35,'2015-10-10 14:55:41'),(54,185,23,'2000-10-25 04:28:34'),(55,186,79,'1981-02-15 14:57:08'),(56,189,24,'1988-02-18 07:05:42'),(57,190,46,'2019-11-21 19:48:28'),(58,191,40,'2007-05-23 15:53:59'),(59,193,81,'2002-09-19 20:27:41'),(60,195,61,'2016-11-28 14:30:04'),(61,196,61,'2020-07-31 08:26:46'),(62,197,80,'2008-05-28 14:44:02'),(63,198,15,'1972-11-24 11:50:04'),(64,1,22,'1973-03-25 17:43:20'),(65,101,100,'1990-01-19 09:55:11'),(66,102,20,'2009-05-21 11:40:02'),(67,103,44,'2020-04-23 15:54:16'),(68,104,84,'2008-02-13 18:26:19'),(69,105,11,'2014-08-23 10:31:19'),(70,106,64,'2003-03-28 10:08:34'),(71,108,59,'1972-01-08 12:01:26'),(72,111,4,'2012-12-01 11:10:27'),(73,115,60,'1979-04-15 19:05:35'),(74,116,23,'1979-08-11 15:44:33'),(75,117,66,'1972-03-21 03:52:29'),(76,118,96,'1986-09-16 19:22:25'),(77,120,1,'1985-10-06 06:50:56'),(78,121,80,'2014-03-08 10:45:14'),(79,122,89,'1992-05-03 21:14:53'),(80,123,69,'1997-06-15 06:40:39'),(81,125,18,'1986-04-20 12:03:33'),(82,127,99,'1985-04-11 17:29:36'),(83,128,13,'1984-05-04 20:13:32'),(84,129,47,'2005-03-23 02:40:20'),(85,131,4,'1991-02-15 22:54:17'),(86,133,18,'1989-01-24 19:55:20'),(87,134,2,'2007-05-30 23:52:05'),(88,135,17,'2011-04-18 19:18:04'),(89,136,46,'1981-11-24 09:48:07'),(90,137,29,'2004-01-12 22:59:00'),(91,140,73,'1996-07-08 10:06:04'),(92,141,80,'2000-11-11 22:53:40'),(93,142,23,'1978-04-02 17:32:59'),(94,144,59,'1999-04-19 23:04:19'),(95,148,56,'1977-05-12 10:30:15'),(96,152,65,'1974-07-12 05:27:37'),(97,153,98,'2005-07-01 12:42:22'),(98,154,42,'1990-12-27 15:45:45'),(99,155,65,'2019-11-06 16:28:15'),(100,156,78,'2021-04-22 15:46:26'),(101,157,49,'1994-03-09 08:20:59'),(102,161,16,'1997-06-12 03:34:59'),(103,162,11,'2006-04-20 22:57:53'),(104,163,77,'1988-09-30 19:52:21'),(105,165,51,'1991-10-03 14:54:47'),(106,166,10,'2021-05-15 06:45:59'),(107,167,42,'2003-05-13 03:56:48'),(108,168,1,'1977-10-01 21:09:33'),(109,174,92,'2014-08-07 10:56:27'),(110,175,15,'1973-03-16 11:02:28'),(111,178,7,'1994-06-17 15:32:01'),(112,179,62,'2009-01-18 11:57:01'),(113,180,51,'1973-08-12 05:33:26'),(114,181,66,'2020-05-15 07:00:19'),(115,182,51,'1988-11-05 02:53:38'),(116,183,11,'2019-12-13 08:00:43'),(117,185,68,'2008-01-28 07:20:00'),(118,186,47,'1983-01-14 01:09:22'),(119,189,64,'1983-02-12 10:14:06'),(120,190,13,'1997-01-02 06:49:01'),(121,191,81,'1979-09-14 05:47:17'),(122,193,22,'2016-05-09 01:35:29'),(123,195,89,'2006-02-16 07:09:45'),(124,196,52,'1971-01-13 06:09:00'),(125,197,23,'1970-07-04 21:54:48'),(126,198,36,'2002-05-11 20:23:46'),(127,1,56,'2007-05-17 09:16:24'),(128,101,3,'1986-04-21 02:58:50'),(129,102,44,'1993-06-12 07:41:18'),(130,103,6,'1985-09-15 05:49:08'),(131,104,24,'2018-01-05 10:47:14'),(132,105,5,'2000-05-27 14:34:00'),(133,106,84,'1979-05-18 03:01:11'),(134,108,30,'1988-10-18 22:16:05'),(135,111,75,'1981-04-02 01:23:25'),(136,115,69,'1993-05-27 13:45:21'),(137,116,3,'1972-05-19 13:39:31'),(138,117,65,'2003-03-18 03:21:54'),(139,118,71,'2020-04-07 15:42:53'),(140,120,12,'2009-01-12 17:11:47'),(141,121,44,'2018-11-23 14:34:53'),(142,122,83,'2004-03-23 20:55:10'),(143,123,66,'1987-02-05 11:22:05'),(144,125,26,'2021-06-19 03:42:56'),(145,127,85,'1985-07-04 09:04:01'),(146,128,69,'1982-03-11 16:13:18'),(147,129,41,'1975-06-20 04:59:12'),(148,131,71,'2012-02-02 12:17:02'),(149,133,40,'2006-07-28 04:12:58'),(150,134,96,'2017-08-06 23:17:08'),(151,135,56,'2000-10-01 05:57:59'),(152,136,6,'1985-01-17 07:02:32'),(153,137,50,'1970-07-09 22:41:01'),(154,140,32,'2019-02-20 14:26:56'),(155,141,93,'1984-08-22 01:07:50'),(156,142,32,'2009-08-11 03:58:10'),(157,144,21,'2006-09-14 06:49:16'),(158,148,42,'2007-12-31 21:43:04'),(159,152,99,'2008-06-19 13:06:28'),(160,153,58,'1995-03-26 21:33:05'),(161,154,54,'1978-11-01 14:33:32'),(162,155,52,'1985-11-04 19:08:47'),(163,156,34,'1977-08-15 05:35:11'),(164,157,44,'1988-03-23 07:33:06'),(165,161,4,'1994-11-26 13:32:51'),(166,162,48,'1980-07-07 01:19:13'),(167,163,16,'1993-08-21 19:40:34'),(168,165,4,'1979-03-05 21:41:17'),(169,166,55,'1971-11-05 05:54:34'),(170,167,39,'1984-07-01 17:04:16'),(171,168,44,'2020-10-22 13:33:17'),(172,174,65,'1984-04-19 00:36:43'),(173,175,34,'1998-03-05 12:32:23'),(174,178,78,'1988-02-04 22:14:47'),(175,179,6,'2005-02-19 04:17:28'),(176,180,14,'2005-10-19 07:32:14'),(177,181,24,'2000-03-15 00:25:11'),(178,182,19,'2006-09-08 09:38:48'),(179,183,64,'1991-03-11 03:21:08'),(180,185,94,'2016-04-16 13:40:09'),(181,186,6,'1997-03-02 11:40:56'),(182,189,28,'2007-10-27 06:43:47'),(183,190,36,'1971-12-21 02:58:07'),(184,191,42,'1985-08-10 21:24:07'),(185,193,56,'2010-11-15 10:07:12'),(186,195,81,'1993-11-12 17:54:31'),(187,196,14,'1998-06-10 05:08:34'),(188,197,37,'1980-04-26 07:15:51'),(189,198,95,'1986-05-21 19:35:34'),(190,1,40,'2013-11-25 07:06:37'),(191,101,26,'1990-09-29 06:52:38'),(192,102,86,'1995-10-31 05:08:48'),(193,103,90,'1972-01-28 15:45:30'),(194,104,34,'2006-10-11 13:47:37'),(195,105,61,'2020-03-26 03:56:22'),(196,106,15,'2002-08-14 19:25:23'),(197,108,50,'2015-08-08 11:14:19'),(198,111,41,'1978-02-04 22:27:00'),(199,115,91,'2016-07-15 01:11:45'),(200,116,76,'1973-07-10 15:03:08'),(201,117,85,'1997-11-13 21:25:54'),(202,118,96,'2002-07-02 08:00:07'),(203,120,98,'1987-10-05 02:55:06'),(204,121,100,'2007-01-23 15:52:59'),(205,122,47,'1981-09-30 12:53:06'),(206,123,89,'1990-01-25 15:35:58'),(207,125,80,'2002-09-13 11:52:34'),(208,127,26,'1987-02-14 23:41:28'),(209,128,1,'1982-11-13 05:35:39'),(210,129,92,'1977-03-18 15:01:32'),(211,131,18,'1984-11-27 04:45:34'),(212,133,25,'2018-11-20 16:35:46'),(213,134,83,'1991-08-31 02:40:38'),(214,135,24,'2007-08-20 12:08:30'),(215,136,32,'2003-08-19 05:17:13'),(216,137,94,'2012-01-03 00:12:31'),(217,140,17,'2019-01-04 21:29:37'),(218,141,10,'2008-09-18 00:23:38'),(219,142,98,'2013-03-25 06:30:25'),(220,144,57,'2019-02-20 11:45:07'),(221,148,45,'2020-02-01 08:04:20'),(222,152,28,'1974-06-01 07:13:19'),(223,153,97,'1971-11-21 14:32:22'),(224,154,35,'2013-06-01 05:33:00'),(225,155,86,'1970-12-01 06:29:41'),(226,156,31,'1978-11-06 17:45:13'),(227,157,95,'2015-07-30 14:02:57'),(228,161,57,'2007-03-13 14:10:13'),(229,162,21,'1993-09-08 23:26:42'),(230,163,26,'2016-04-05 22:02:29'),(231,165,96,'2006-05-23 11:12:50'),(232,166,99,'1989-04-26 00:54:16'),(233,167,85,'2007-11-30 18:51:53'),(234,168,94,'2015-05-13 08:29:57'),(235,174,53,'2021-05-05 13:59:24'),(236,175,45,'2006-08-12 07:18:21'),(237,178,22,'2002-09-03 21:29:09'),(238,179,57,'1987-09-15 02:57:06'),(239,180,77,'1990-03-03 23:50:57'),(240,181,2,'1985-02-25 10:44:34'),(241,182,61,'2018-05-22 13:48:50'),(242,183,50,'1974-05-14 18:44:29'),(243,185,7,'1996-06-03 05:40:27'),(244,186,55,'2014-11-05 20:30:00'),(245,189,11,'2009-09-30 09:25:20'),(246,190,87,'2004-12-21 23:58:45'),(247,191,4,'2021-09-12 03:53:53'),(248,193,91,'1978-11-04 22:55:59'),(249,195,94,'1975-09-22 06:03:04'),(250,196,50,'2005-04-27 13:28:19'),(251,197,19,'1985-05-22 17:15:19'),(252,198,7,'2013-04-28 19:45:15'),(253,1,93,'2020-01-25 11:50:59'),(254,101,77,'1972-12-19 23:38:31'),(255,102,30,'1973-10-09 12:33:24'),(256,103,61,'1985-12-24 01:57:07'),(257,104,6,'2009-05-29 17:46:50'),(258,105,1,'1988-08-01 07:17:18'),(259,106,21,'1992-04-22 11:31:23'),(260,108,60,'2017-06-07 23:00:54'),(261,111,17,'2014-08-08 02:50:34'),(262,115,11,'1971-08-07 13:24:35'),(263,116,52,'1995-06-12 11:43:18'),(264,117,46,'2008-11-30 20:41:36'),(265,118,22,'1999-12-27 18:25:41'),(266,120,17,'2005-06-14 10:59:12'),(267,121,94,'1978-10-11 09:05:58'),(268,122,75,'1997-03-08 16:19:27'),(269,123,75,'1971-10-30 05:13:08'),(270,125,15,'1983-12-04 06:22:38'),(271,127,81,'2014-06-23 07:45:42'),(272,128,20,'2014-10-07 03:54:14'),(273,129,79,'1984-05-21 06:59:37'),(274,131,63,'1977-05-05 14:32:59'),(275,133,23,'1974-03-26 04:23:16'),(276,134,73,'2011-04-20 22:00:29'),(277,135,39,'2013-09-17 00:43:01'),(278,136,34,'1997-11-28 19:01:47'),(279,137,91,'1985-09-06 12:46:18'),(280,140,68,'1986-01-12 01:34:15'),(281,141,87,'1988-05-02 23:22:18'),(282,142,23,'2003-12-15 06:09:44'),(283,144,20,'2018-08-30 01:04:12'),(284,148,72,'2010-03-21 23:53:53'),(285,152,64,'2000-03-18 06:24:14'),(286,153,35,'1991-12-26 02:35:17'),(287,154,94,'1998-08-09 00:29:37'),(288,155,81,'1980-02-25 09:19:12'),(289,156,47,'1977-05-12 16:35:02'),(290,157,34,'1976-06-22 12:24:56'),(291,161,10,'1992-04-29 14:46:00'),(292,162,83,'2010-01-01 14:30:59'),(293,163,30,'2011-03-19 17:00:53'),(294,165,89,'1998-03-12 10:10:26'),(295,166,85,'1972-05-11 18:10:49'),(296,167,73,'1971-05-21 15:46:29'),(297,168,81,'1996-06-04 10:06:19'),(298,174,41,'1970-12-04 19:27:48'),(299,175,18,'1986-06-04 16:21:23'),(300,178,60,'1975-06-06 20:33:40');
/*!40000 ALTER TABLE `likes` ENABLE KEYS */;
UNLOCK TABLES;

--
-- Table structure for table `media`
--

DROP TABLE IF EXISTS `media`;
/*!40101 SET @saved_cs_client     = @@character_set_client */;
/*!50503 SET character_set_client = utf8mb4 */;
CREATE TABLE `media` (
  `id` bigint unsigned NOT NULL AUTO_INCREMENT,
  `media_type_id` bigint unsigned NOT NULL,
  `user_id` bigint unsigned NOT NULL,
  `description` text,
  `file_name` varchar(10) DEFAULT NULL,
  `link` varchar(250) DEFAULT NULL,
  `media_size` int DEFAULT NULL,
  `metadata` json DEFAULT NULL,
  `created_at` datetime DEFAULT CURRENT_TIMESTAMP,
  `updated_at` datetime DEFAULT CURRENT_TIMESTAMP,
  UNIQUE KEY `id` (`id`),
  KEY `user_id` (`user_id`),
  KEY `media_type_id` (`media_type_id`),
  CONSTRAINT `media_ibfk_1` FOREIGN KEY (`user_id`) REFERENCES `users` (`id`),
  CONSTRAINT `media_ibfk_2` FOREIGN KEY (`media_type_id`) REFERENCES `media_types` (`id`)
) ENGINE=InnoDB AUTO_INCREMENT=101 DEFAULT CHARSET=utf8mb4 COLLATE=utf8mb4_0900_ai_ci;
/*!40101 SET character_set_client = @saved_cs_client */;

--
-- Dumping data for table `media`
--

LOCK TABLES `media` WRITE;
/*!40000 ALTER TABLE `media` DISABLE KEYS */;
INSERT INTO `media` VALUES (1,1,161,'default main image','DEF.jpeg',NULL,100,NULL,'2021-09-05 21:18:30','2021-09-05 21:18:30'),(2,1,121,'admin','admin.jpeg',NULL,100,NULL,'2021-09-05 21:19:02','2021-09-05 21:19:02'),(3,1,135,'default main image','DEF.jpeg',NULL,100,NULL,'2021-09-05 21:19:18','2021-09-05 21:19:18'),(4,4,137,'Sed error animi aliquid rerum.','consectetu','http://www.wuckert.info/',25,NULL,'1971-02-08 17:44:53','2011-08-10 13:35:54'),(5,1,189,'Quos qui nobis voluptatem.','ipsa','http://www.thompsonlabadie.com/',22468,NULL,'1981-02-15 09:24:01','1996-09-19 14:54:21'),(6,2,101,'Illo assumenda velit maxime numquam et quidem et.','ipsum','http://www.johnston.org/',9519198,NULL,'2016-12-11 20:14:04','1973-12-05 07:15:24'),(7,3,102,'Blanditiis ad error eligendi expedita molestias similique maiores.','doloremque','http://runtewilderman.com/',698586148,NULL,'1971-04-10 12:15:06','2019-12-08 09:44:53'),(8,4,122,'Sint delectus a porro.','saepe','http://schmidthackett.org/',22614695,NULL,'2004-11-28 11:40:19','2007-10-08 01:02:21'),(9,1,133,'Ut enim minus vero animi temporibus et quo sint.','consectetu','http://www.abbottjerde.com/',7185,NULL,'1970-01-25 09:26:29','1987-06-14 22:28:54'),(10,2,117,'Corporis repellendus quibusdam mollitia debitis ad quia qui.','dolores','http://www.ernserullrich.com/',414,NULL,'1974-12-17 10:47:35','1980-02-26 00:26:51'),(11,3,148,'Minus ut sed quia delectus in expedita.','nemo','http://nitzscherippin.com/',8,NULL,'1989-11-17 18:42:14','2000-06-10 12:14:55'),(12,4,122,'Placeat molestias nemo in voluptatem rerum sequi nihil.','quaerat','http://bergstrom.com/',56446,NULL,'2015-09-26 16:24:05','1992-11-17 22:42:14'),(13,1,102,'Recusandae mollitia sequi occaecati reprehenderit quos laborum dolorum.','et','http://www.prosacco.info/',935518,NULL,'2018-07-10 07:10:27','1985-03-15 17:55:33'),(14,2,105,'Dicta magnam ea magni quia.','quod','http://doyle.com/',35093927,NULL,'1982-11-22 14:24:13','2005-12-04 12:18:33'),(15,3,141,'Nobis voluptatem omnis et ea architecto rerum illo provident.','quae','http://www.bayerswaniawski.org/',87,NULL,'2015-12-21 01:34:23','2003-11-06 08:50:36'),(16,4,1,'Et ex non nesciunt iste.','nam','http://runolfsdottir.net/',848,NULL,'1970-09-29 15:05:07','1984-04-27 07:25:33'),(17,1,101,'Dolor facere autem quod est.','ut','http://www.kutch.com/',1,NULL,'2019-11-05 07:11:26','2018-08-10 17:33:08'),(18,2,186,'Recusandae odit consequatur minima officiis voluptatem harum alias odio.','facere','http://nikolaus.com/',785428,NULL,'1987-05-18 09:46:30','1978-03-15 01:32:17'),(19,3,154,'Mollitia adipisci perferendis sed voluptas voluptas.','doloribus','http://steuber.net/',4045604,NULL,'2016-05-30 07:25:05','2003-03-29 13:57:04'),(20,4,106,'Consequuntur dolores est minima ut rem laudantium nemo quidem.','quo','http://www.funk.com/',1333,NULL,'2012-01-17 05:33:57','1988-04-20 17:43:39'),(21,1,120,'Dolore ad minus sint quos eligendi.','suscipit','http://harris.biz/',83193,NULL,'1972-04-12 13:49:14','1972-02-02 16:57:04'),(22,2,116,'Nihil voluptates voluptas omnis sequi.','quibusdam','http://thiel.net/',947,NULL,'1971-09-14 20:57:36','1986-07-26 11:01:33'),(23,3,121,'Earum omnis qui tempora non aspernatur sint perspiciatis.','qui','http://waelchi.info/',0,NULL,'1985-04-10 04:57:26','2002-09-09 21:10:41'),(24,4,154,'Nisi distinctio ipsa inventore harum corrupti id.','fugit','http://www.walsh.com/',4,NULL,'1988-07-14 13:58:51','1971-09-19 04:04:13'),(25,1,161,'Velit ut dolores est ad nesciunt.','nostrum','http://streich.org/',762,NULL,'1989-06-30 04:16:27','1979-06-17 06:35:41'),(26,2,125,'Odio rerum assumenda saepe dolorem rem asperiores.','accusantiu','http://www.connelly.com/',58471,NULL,'2002-02-11 12:45:34','2006-12-12 04:27:13'),(27,3,180,'Saepe sint aliquid rerum.','a','http://brekkewest.com/',9153,NULL,'1970-12-31 15:42:07','1983-01-05 09:15:49'),(28,4,120,'Et qui et quisquam occaecati harum necessitatibus vero.','amet','http://bergnaum.com/',1,NULL,'2008-10-01 09:32:30','1972-12-01 14:42:49'),(29,1,105,'Omnis dolorem sed sunt omnis.','voluptatem','http://www.pagacaufderhar.com/',2631538,NULL,'1975-12-20 05:08:31','1988-12-14 04:06:34'),(30,2,161,'Qui repellat nesciunt eos libero minus repellendus.','maiores','http://kubjacobi.com/',42914,NULL,'2001-09-25 09:09:17','2011-03-24 09:56:18'),(31,3,102,'Ut eos et temporibus sint numquam praesentium.','occaecati','http://larson.com/',608854,NULL,'1978-03-09 16:08:13','2016-02-14 04:45:15'),(32,4,125,'Qui quibusdam sit ut.','est','http://nicolas.com/',0,NULL,'1993-05-23 06:18:40','1999-10-26 00:46:09'),(33,1,108,'Rerum quam vel dolores sunt laborum quos quo.','eum','http://www.littel.com/',7299607,NULL,'2017-01-16 00:14:05','1986-01-09 02:19:10'),(34,2,153,'Quisquam ducimus distinctio consectetur unde recusandae animi non.','necessitat','http://www.durganrath.com/',47,NULL,'1974-07-31 10:46:59','1979-07-02 21:00:30'),(35,3,190,'Dignissimos tempora et voluptatem est perferendis itaque.','praesentiu','http://waelchi.com/',4576993,NULL,'2019-01-08 14:06:41','2014-10-23 11:01:20'),(36,4,140,'Molestiae voluptatem aut qui minus vel voluptates.','nihil','http://kessler.info/',562605054,NULL,'1977-04-20 13:34:47','2017-02-18 05:32:00'),(37,1,102,'Et hic voluptatem consectetur natus dolor quos.','doloremque','http://www.herman.biz/',5,NULL,'1994-10-12 19:54:17','1980-08-13 09:08:14'),(38,2,174,'Veniam quas facilis fuga voluptatem ut perspiciatis.','tempora','http://cremin.info/',811629,NULL,'1990-09-17 08:06:41','2007-01-21 07:00:57'),(39,3,174,'Est et quia dignissimos velit deleniti dolorum quos.','et','http://www.harvey.com/',25,NULL,'2011-12-05 17:20:53','2019-12-20 00:02:28'),(40,4,118,'Voluptas sapiente aperiam voluptates est temporibus.','necessitat','http://kuphal.org/',620320,NULL,'1992-11-06 21:38:58','1988-03-29 08:58:42'),(41,1,142,'Quas ut tenetur vel rerum aut quam enim.','aspernatur','http://www.nitzsche.com/',636,NULL,'2006-12-02 07:54:38','2021-05-27 19:44:25'),(42,2,144,'Dolores enim ut est occaecati dolorem animi dolor.','esse','http://durganlegros.com/',183773322,NULL,'2013-06-06 16:41:38','1972-01-16 23:37:57'),(43,3,108,'Aut blanditiis qui aliquam dolor.','autem','http://flatley.com/',37761465,NULL,'2002-05-06 10:43:03','2005-09-06 21:06:48'),(44,4,168,'Voluptatem quos illum perferendis ducimus voluptatibus repudiandae omnis.','repellat','http://koelpinhoeger.com/',801,NULL,'1991-01-10 11:22:07','1997-07-01 05:30:00'),(45,1,142,'Error id itaque minus sapiente vero.','provident','http://www.glover.biz/',239,NULL,'1993-03-17 08:32:10','1977-02-07 00:19:05'),(46,2,153,'Velit rem itaque quis est corporis asperiores.','corrupti','http://www.rutherford.com/',8573,NULL,'1972-02-24 11:34:45','2013-05-30 23:59:40'),(47,3,141,'Et soluta et culpa doloremque cumque voluptas.','molestias','http://johns.com/',715,NULL,'2010-11-15 05:59:47','1970-07-16 14:34:18'),(48,4,189,'Ut deleniti pariatur voluptas nihil.','quia','http://www.veum.com/',27,NULL,'1997-12-05 07:59:35','1972-03-13 08:02:07'),(49,1,127,'Ipsum doloribus tenetur nemo repellendus ut.','ut','http://ward.biz/',6463138,NULL,'1974-04-01 20:25:29','2003-05-07 05:07:03'),(50,2,197,'Impedit aperiam quibusdam voluptatibus illum omnis est sunt.','expedita','http://www.leannonrodriguez.biz/',746541392,NULL,'1979-10-01 06:22:46','1979-05-03 04:42:46'),(51,3,178,'Sit voluptas voluptates pariatur sed voluptas et ea.','aut','http://www.weimannbauch.com/',0,NULL,'2011-10-31 03:05:27','1997-06-26 15:50:12'),(52,4,106,'Quo mollitia tenetur explicabo totam.','exercitati','http://www.haag.com/',63,NULL,'1983-12-25 23:13:18','2019-08-13 17:48:25'),(53,1,186,'Officiis quisquam sint est.','sunt','http://www.konopelski.info/',440781,NULL,'1994-02-05 14:39:37','1982-04-02 03:16:34'),(54,2,108,'Amet earum itaque molestias error ipsum.','sit','http://www.swaniawski.com/',7,NULL,'1992-12-20 15:04:55','1987-12-14 12:15:22'),(55,3,104,'Dignissimos pariatur cupiditate eos impedit.','a','http://millsmcclure.biz/',663116,NULL,'1979-12-10 16:18:53','2013-07-01 03:06:57'),(56,4,153,'Ut quasi molestiae aut ut reprehenderit.','facere','http://www.crona.info/',846,NULL,'1978-10-29 05:59:46','1996-04-11 05:50:13'),(57,1,137,'Aliquam enim officiis in soluta.','neque','http://keebler.com/',89643033,NULL,'1980-12-02 04:20:47','1981-08-21 13:04:01'),(58,2,195,'Eligendi a consequatur quia delectus nemo minima.','nemo','http://bogangrady.info/',658,NULL,'1983-12-04 05:13:15','2019-08-13 10:52:24'),(59,3,165,'Ducimus provident nemo qui non sit.','est','http://www.christiansenshields.com/',95688,NULL,'2012-02-03 16:51:42','2009-04-14 16:13:17'),(60,4,127,'Ad accusantium nostrum corporis quo.','et','http://www.huelsdubuque.com/',0,NULL,'1984-03-27 19:53:13','1977-08-16 11:47:17'),(61,1,148,'In et rerum labore ut et sapiente.','sed','http://rath.com/',776,NULL,'2004-11-09 10:21:14','2008-11-23 17:29:01'),(62,2,134,'Reprehenderit aut quaerat sit architecto asperiores.','dignissimo','http://ratkeglover.com/',3,NULL,'1996-09-26 18:15:08','2000-12-15 02:06:11'),(63,3,157,'Voluptatem sint quidem est et consectetur et ea.','cumque','http://www.becker.biz/',0,NULL,'1985-08-22 20:46:46','1993-07-16 18:05:07'),(64,4,106,'Et et unde enim fuga facilis eius aut nemo.','sunt','http://www.bahringer.net/',33,NULL,'2020-06-28 17:29:28','2007-12-25 02:04:15'),(65,1,185,'Cum itaque assumenda est atque quo tempora tempora.','praesentiu','http://howell.com/',9,NULL,'2008-12-03 13:27:45','2001-09-06 05:41:52'),(66,2,197,'Quas quisquam recusandae odit eius.','omnis','http://www.yost.org/',0,NULL,'1975-05-17 13:00:58','1982-06-19 03:53:07'),(67,3,185,'Aliquid recusandae earum doloribus placeat laudantium.','quae','http://www.donnelly.info/',5505847,NULL,'1995-01-06 01:43:45','1983-12-21 17:41:17'),(68,4,186,'Cum velit vel accusamus animi minima unde ab dolores.','officiis','http://ferry.biz/',4,NULL,'1990-08-27 07:24:57','1973-06-10 03:49:45'),(69,1,191,'Atque ipsum consectetur nemo aperiam nemo quae eum.','delectus','http://www.beer.biz/',4,NULL,'2010-11-24 06:55:50','2000-10-25 17:30:09'),(70,2,120,'Delectus fugiat praesentium deleniti eum sint ut veritatis.','dicta','http://heaneywindler.com/',9,NULL,'1972-06-09 06:47:24','2021-07-17 15:13:53'),(71,3,162,'Omnis qui commodi consequatur quam repudiandae illo beatae.','laboriosam','http://www.willspinka.com/',102034,NULL,'1977-04-03 06:28:11','2010-03-01 00:35:13'),(72,4,134,'Ut doloribus itaque excepturi iure aut.','sunt','http://www.raynorwisozk.org/',470515,NULL,'2015-01-01 15:22:47','1977-08-12 09:04:36'),(73,1,148,'Non est est consequuntur eos totam temporibus.','quo','http://herzog.biz/',25715,NULL,'1994-05-27 13:02:34','1995-01-12 13:39:58'),(74,2,144,'Voluptates voluptatibus et consectetur et maxime.','nihil','http://www.jenkins.com/',8949,NULL,'1995-04-28 05:10:36','1973-08-06 00:17:35'),(75,3,128,'Enim ut repudiandae ut.','cupiditate','http://caspermayer.com/',60109,NULL,'2018-12-24 22:47:56','1991-03-21 08:07:57'),(76,4,155,'Voluptatem non consequatur quos dolores inventore.','et','http://www.langosh.info/',0,NULL,'1973-06-07 15:18:38','2021-05-04 20:23:19'),(77,1,165,'Id non rerum ab architecto cum corrupti sunt.','ipsam','http://swaniawski.com/',1772534,NULL,'1991-07-11 10:35:18','1988-06-11 11:19:03'),(78,2,156,'Ut maxime rerum illo totam inventore qui.','veniam','http://www.pfeffer.org/',39663506,NULL,'2010-11-30 01:52:43','2018-08-31 13:05:53'),(79,3,144,'Ad porro fuga quis itaque error.','nihil','http://stokes.info/',4218,NULL,'1993-09-23 04:53:22','1970-08-19 19:35:05'),(80,4,141,'Aut iste aut non natus consectetur nihil.','at','http://www.langworth.com/',4623461,NULL,'1975-04-19 12:21:03','1995-02-24 13:22:10'),(81,1,191,'Porro molestias magni quia laborum.','animi','http://westupton.com/',7468,NULL,'2015-09-20 12:18:12','2007-05-29 15:01:48'),(82,2,136,'Repellat est magni deserunt accusamus voluptatem aut.','eligendi','http://www.simonislockman.biz/',0,NULL,'1988-05-17 05:13:26','1997-01-10 17:00:47'),(83,3,127,'Non inventore quasi vel accusantium nam cum laudantium.','omnis','http://graham.com/',354209,NULL,'1983-09-07 12:42:19','2007-02-25 01:18:56'),(84,4,180,'Sapiente et ratione voluptas aut.','praesentiu','http://www.rath.com/',5993582,NULL,'1996-11-12 12:25:04','2017-01-13 02:36:50'),(85,1,174,'Deleniti rerum fugiat similique provident delectus.','sed','http://www.lebsack.org/',19381349,NULL,'1973-09-10 02:27:06','1978-10-23 03:39:23'),(86,2,180,'Ab itaque mollitia minima quis molestiae molestiae distinctio.','illo','http://www.schowaltergibson.net/',687,NULL,'2017-09-13 16:49:41','1971-05-30 14:42:23'),(87,3,162,'Soluta accusamus necessitatibus consequatur.','dicta','http://www.beier.com/',32713,NULL,'2000-05-27 10:53:42','1975-02-07 13:36:58'),(88,4,166,'Inventore harum et sapiente voluptatem quia.','dolorem','http://cristweber.biz/',698,NULL,'1976-12-07 12:38:34','2004-10-29 05:16:19'),(89,1,166,'Porro assumenda aut autem dolorum consequatur officiis.','blanditiis','http://bruen.info/',8485830,NULL,'2011-09-28 09:20:41','1979-12-29 03:40:14'),(90,2,198,'Nesciunt repudiandae optio aliquid et labore dolores.','iusto','http://www.rempel.org/',0,NULL,'1995-06-21 22:22:45','2007-02-10 20:56:55'),(91,3,162,'Excepturi a reiciendis natus aut molestias.','omnis','http://zemlak.com/',14563,NULL,'2019-07-10 14:56:48','1975-03-09 17:43:24'),(92,4,196,'Mollitia voluptate incidunt est ex.','numquam','http://roberts.org/',363,NULL,'2011-05-11 09:29:19','2013-12-09 23:08:10'),(93,1,1,'Rerum unde enim sapiente quod in fugit.','autem','http://www.olsonsauer.biz/',2409,NULL,'1972-03-06 04:13:31','1989-07-19 11:31:28'),(94,2,162,'Deleniti porro fuga recusandae blanditiis illo aut accusamus reprehenderit.','aut','http://www.casper.com/',5,NULL,'2007-09-23 08:43:43','2012-02-03 12:38:43'),(95,3,117,'Ab vero eum esse quia doloribus.','odit','http://rippinhahn.com/',6,NULL,'1992-08-18 16:48:17','2015-06-29 20:51:02'),(96,4,135,'Et aut ea doloremque inventore consequuntur et aut.','voluptas','http://www.feeneyluettgen.info/',70,NULL,'1973-07-18 00:46:10','2007-04-06 13:54:15'),(97,1,123,'Consectetur velit quam exercitationem.','voluptas','http://spinkalesch.info/',7,NULL,'2000-12-17 15:16:39','2007-06-06 20:27:01'),(98,2,198,'Eius alias quaerat cupiditate sunt ipsam veritatis rerum.','ratione','http://kassulke.net/',0,NULL,'1999-12-04 12:56:33','2009-11-19 22:08:29'),(99,3,198,'Qui debitis autem consequuntur nam.','expedita','http://www.collier.com/',471,NULL,'1971-02-20 20:59:02','1975-01-24 17:43:43'),(100,4,129,'Earum eum ut consequatur aut.','est','http://lang.biz/',731730571,NULL,'1970-06-03 20:09:46','1991-05-06 02:15:55');
/*!40000 ALTER TABLE `media` ENABLE KEYS */;
UNLOCK TABLES;

--
-- Table structure for table `media_types`
--

DROP TABLE IF EXISTS `media_types`;
/*!40101 SET @saved_cs_client     = @@character_set_client */;
/*!50503 SET character_set_client = utf8mb4 */;
CREATE TABLE `media_types` (
  `id` bigint unsigned NOT NULL AUTO_INCREMENT,
  `name` varchar(10) DEFAULT NULL,
  `created_at` datetime DEFAULT CURRENT_TIMESTAMP,
  `updated_at` datetime DEFAULT CURRENT_TIMESTAMP,
  UNIQUE KEY `id` (`id`)
) ENGINE=InnoDB AUTO_INCREMENT=5 DEFAULT CHARSET=utf8mb4 COLLATE=utf8mb4_0900_ai_ci;
/*!40101 SET character_set_client = @saved_cs_client */;

--
-- Dumping data for table `media_types`
--

LOCK TABLES `media_types` WRITE;
/*!40000 ALTER TABLE `media_types` DISABLE KEYS */;
INSERT INTO `media_types` VALUES (1,'photo','2021-09-05 21:17:37','2021-09-05 21:17:37'),(2,' post','2012-02-15 20:36:45','2011-04-19 09:24:32'),(3,'video','1987-01-08 21:59:13','1995-04-22 21:02:13'),(4,' music','1997-08-12 11:54:38','1987-06-25 12:16:39');
/*!40000 ALTER TABLE `media_types` ENABLE KEYS */;
UNLOCK TABLES;

--
-- Table structure for table `messages`
--

DROP TABLE IF EXISTS `messages`;
/*!40101 SET @saved_cs_client     = @@character_set_client */;
/*!50503 SET character_set_client = utf8mb4 */;
CREATE TABLE `messages` (
  `id` bigint unsigned NOT NULL AUTO_INCREMENT,
  `from_user_id` bigint unsigned NOT NULL,
  `to_user_id` bigint unsigned NOT NULL,
  `body` text CHARACTER SET utf8 COLLATE utf8_unicode_ci,
  `created_at` datetime DEFAULT CURRENT_TIMESTAMP,
  UNIQUE KEY `id` (`id`),
  KEY `from_user_id` (`from_user_id`),
  KEY `to_user_id` (`to_user_id`),
  CONSTRAINT `messages_ibfk_1` FOREIGN KEY (`from_user_id`) REFERENCES `users` (`id`),
  CONSTRAINT `messages_ibfk_2` FOREIGN KEY (`to_user_id`) REFERENCES `users` (`id`)
) ENGINE=InnoDB AUTO_INCREMENT=1149 DEFAULT CHARSET=utf8mb3 COLLATE=utf8_unicode_ci;
/*!40101 SET character_set_client = @saved_cs_client */;

--
-- Dumping data for table `messages`
--

LOCK TABLES `messages` WRITE;
/*!40000 ALTER TABLE `messages` DISABLE KEYS */;
INSERT INTO `messages` VALUES (101,1,190,'Qui doloremque omnis sit distinctio rerum ut voluptatem sequi. Reprehenderit nostrum vitae quia dicta quaerat nisi veritatis. Vel facilis deserunt error fugit sed esse dolorum.','2008-02-24 14:48:03'),(102,101,135,'Aut qui et eveniet eum perferendis non quia. Maiores et sit nulla. Sint et doloribus impedit fuga quo reprehenderit molestiae tenetur. Ratione eos maxime aliquid enim placeat consequatur ut.','2002-11-06 11:49:51'),(103,102,129,'Sed quia sequi voluptatem in. Nobis tempora id quibusdam et qui error facere. Iusto nobis non voluptatum. Alias magnam in dolor unde non qui itaque. Pariatur amet magni sed beatae.','1971-02-02 05:57:17'),(104,103,198,'Sit esse laborum enim corrupti. Aperiam earum nulla voluptatibus exercitationem occaecati facilis. Rem enim recusandae aspernatur explicabo possimus qui. Ipsam asperiores voluptatem voluptatem adipisci eligendi sit.','1981-06-06 20:35:22'),(105,104,156,'Consequuntur illo ad accusantium impedit quibusdam. Dicta et sunt harum. Dolor necessitatibus odit aut. Quia quidem nostrum hic sit natus.','1986-01-08 10:04:43'),(106,105,105,'Ut qui fugit debitis rerum perferendis. Voluptas aliquid sit qui magnam quaerat est ut.','1996-09-10 12:43:18'),(107,106,115,'Culpa et beatae dolor ad accusantium aspernatur. Suscipit earum natus est molestiae recusandae. Alias eaque qui molestiae eligendi at ipsa quam magnam. Inventore tenetur totam ea asperiores et.','1993-11-23 02:57:24'),(108,108,133,'Architecto numquam voluptatem repellat et. Soluta qui dicta odio rerum perspiciatis aut et. Cum quia nam asperiores nulla. Quae voluptatem omnis quidem dolorum provident molestias quia.','1989-08-21 04:33:05'),(109,111,123,'Occaecati a numquam ipsam ipsum. Dolor nisi sunt et totam. Sapiente quia dolor tempore ab. Asperiores quibusdam aut molestiae dolores ut.','1996-04-18 22:10:00'),(110,115,168,'Dicta praesentium magni culpa placeat. Illo ipsam sequi quasi vero numquam laboriosam. Quos voluptatibus dolores incidunt quia animi ut porro.','1999-03-11 02:00:26'),(111,116,178,'Voluptas sunt dolorem quia quia et mollitia dignissimos ad. Animi eligendi consequatur alias et.','1988-08-31 10:48:31'),(112,117,153,'Et iste consectetur odit sapiente in eos architecto. Aut placeat qui atque molestiae. Necessitatibus iste quibusdam voluptatem voluptatem. Enim quibusdam quo eos velit numquam laborum quo.','2013-02-23 08:08:34'),(113,118,101,'Aut quia ratione et aliquid dicta quia adipisci. Minus voluptate rem ut. Aut animi mollitia eius ipsum molestiae blanditiis voluptatem. Asperiores iusto maxime iste veniam harum. Aut corporis cumque dolor est.','1983-07-23 13:26:31'),(114,120,102,'Quisquam ut ut quae iure et. Perferendis quia quia commodi enim aut tempore eos nostrum. Maxime eum beatae alias adipisci.','2015-05-19 18:31:29'),(115,121,179,'Recusandae fugit molestiae minima rerum voluptatem id earum. Vero itaque illo asperiores voluptatem at. Temporibus sit voluptatem rerum illo nisi non. Ea at et veritatis et.','2018-04-06 07:25:23'),(116,122,154,'Voluptas sequi cupiditate facere totam accusantium est nulla. Recusandae recusandae voluptatum quos velit. Beatae voluptas ut debitis autem. Quas sed aut odio ut qui nihil voluptatem et.','1979-03-28 20:25:44'),(117,123,198,'Error facilis molestias nisi eligendi est. Est qui facere natus est est. Est dolore ad mollitia. Quibusdam sapiente non quas aut.','1983-01-03 11:05:19'),(118,125,128,'Debitis est dolores rerum nesciunt. Ex odio tempora consequuntur qui voluptas reprehenderit tempore harum. Rem deleniti temporibus quam quas. Repellendus in temporibus nemo inventore.','2019-04-21 16:49:14'),(119,127,106,'Illo deleniti maiores ea nisi assumenda. Rem eaque illo et maiores asperiores illo. Aut ad sit placeat ut.','2020-08-25 01:52:29'),(120,128,156,'Debitis commodi alias pariatur laudantium quis cum. Odit sed fugit iure enim enim delectus cupiditate autem. Harum enim reprehenderit quis dolor et. Hic fugiat tempora dicta ut eum labore.','1987-10-27 03:21:34'),(121,129,195,'Ab veritatis ad officia eius. Veniam maiores eum vel. Consequatur fugit incidunt qui rem distinctio non voluptatibus.','1985-02-12 06:14:03'),(122,131,141,'Reprehenderit quidem non cumque soluta maxime vel. Expedita animi id nesciunt id ut aliquam rerum. Laudantium culpa temporibus neque debitis sunt soluta amet. Maxime illo natus beatae omnis commodi illum qui.','1987-12-28 23:09:20'),(123,133,136,'Et aut doloremque dolores asperiores. Exercitationem quo molestiae vel quia eum. Est possimus id voluptas illo tempore. Inventore eaque velit accusantium qui sint eligendi sed.','1999-01-09 04:33:19'),(124,134,105,'Corrupti odit molestias illo vel. Consequatur architecto quia et odio et veniam eaque. Fuga at aut tempore magnam.','2011-10-29 15:19:02'),(125,135,129,'A voluptatem dignissimos molestias eum sequi. Sit deleniti quia doloribus voluptates. Delectus voluptatibus aut doloremque dolor excepturi et excepturi.','1999-07-09 17:55:03'),(126,136,179,'Dicta porro vitae praesentium ab. Expedita aliquid est tempore quam sed sit voluptas. Sed et officiis cupiditate voluptatibus tempora consequatur.','1971-04-01 09:41:48'),(127,137,122,'Non tempore repudiandae illo. Labore voluptas recusandae et libero. Ad dignissimos omnis voluptatem nemo molestiae et. Et est qui et blanditiis possimus saepe.','1989-06-16 11:09:40'),(128,140,182,'Quo dolores veritatis atque et suscipit. Ducimus non aut voluptatem et libero ad explicabo. Voluptatem sed id ipsa et molestiae aut.','2002-06-21 09:03:47'),(129,141,195,'Velit laudantium non nihil alias vel. Illum aut fugiat illo iure quisquam praesentium aut.','1971-04-29 21:35:03'),(130,142,141,'Vero dolorem quisquam odio soluta qui cumque temporibus inventore. Totam magnam exercitationem minima soluta voluptas.','1980-01-09 15:36:18'),(131,144,198,'Ipsum in aperiam qui enim perferendis et. Dolorem sunt et ut facere velit dolorum et.','1971-01-02 20:37:20'),(132,148,125,'Est sit dignissimos fugit et. Est dolor et quisquam nam. Esse voluptate est provident placeat ut accusamus et ab. Aut architecto velit animi illum rem recusandae atque.','1990-12-29 16:16:19'),(133,152,179,'Reiciendis harum adipisci dolor aperiam omnis repellendus deserunt velit. Recusandae tempora velit iste rem labore dolor maxime. Eaque cumque qui reprehenderit et nam eos sapiente consectetur.','2009-05-16 21:08:35'),(134,153,148,'Molestiae eum minus consequatur maxime aut quidem. Nihil facere at amet sed aut earum nihil. Quia iste nihil reprehenderit quis fugit velit.','1977-10-25 05:51:20'),(135,154,161,'Cumque rerum dolore dolorum ducimus. Quaerat sequi odit non perferendis rem. Ipsa a atque quibusdam neque. Labore eos magni sint nesciunt est praesentium.','2002-08-16 13:47:07'),(136,155,198,'Tenetur omnis aliquid culpa iure corporis ea qui. Repellendus molestias aut temporibus quia consequatur. Voluptas corrupti harum error dolorem voluptatem et adipisci. Voluptas aut praesentium sunt molestiae possimus.','1972-04-19 21:15:51'),(137,156,168,'Quis praesentium non autem et dolorum cum omnis. Omnis a totam distinctio quae vero adipisci. Qui odit ex ducimus aut earum occaecati quibusdam.','1973-09-12 10:01:03'),(138,157,118,'Dolor ipsum nulla ut quisquam officia sed voluptate. Consequuntur eaque saepe voluptates quidem. Aut quo laboriosam nostrum nihil dolore. Nam aperiam reprehenderit dolorem nesciunt quo quia.','1994-05-15 19:32:17'),(139,161,105,'Qui quia aut vero perferendis praesentium praesentium aut. Similique qui qui dolorem officia enim. Id aliquid distinctio rerum quia quo aut.','1988-10-03 05:39:10'),(140,162,129,'Tempora repellat aperiam culpa voluptates voluptas incidunt quibusdam. Sequi voluptatum aut necessitatibus fuga ratione assumenda.','1972-10-19 09:02:34'),(141,163,178,'Omnis accusantium corporis laborum laboriosam. Ut et maxime molestiae.','1989-07-01 03:18:35'),(142,165,185,'Esse impedit saepe cupiditate porro natus maxime. Perspiciatis in qui qui ipsum dignissimos ipsam. Et labore animi esse omnis odio.','1975-03-24 01:43:23'),(143,166,195,'Exercitationem ipsam neque cumque eius ducimus est vel. Vitae totam neque necessitatibus culpa. Id aut quasi qui qui labore est consectetur.','1980-07-10 01:30:51'),(144,167,174,'Molestias vitae vel ut asperiores odit ab. Earum deserunt omnis et vitae exercitationem vitae quia. Natus molestiae sit at nihil.','1994-09-26 13:29:17'),(145,168,168,'Libero impedit fuga quis labore rerum. Rerum ea quae assumenda quos.','2013-03-13 01:35:03'),(146,174,157,'Non nesciunt qui impedit et tenetur sit error. Voluptatem occaecati numquam quisquam esse impedit. Labore enim quam id aut quia quo.','1998-06-06 07:31:46'),(147,175,156,'Saepe consequatur ducimus ut consequatur eveniet quia sapiente. Non aut rerum aut dolorem illo consequatur et. Dolores et laudantium est qui sed porro.','1978-12-05 09:09:35'),(148,178,195,'Id porro fugiat quos deleniti quaerat possimus. Hic repellendus repellendus voluptatem et sit et natus. Dolorem fuga alias et quia dicta sunt reprehenderit.','1978-09-27 10:49:44'),(149,179,196,'Ut ab qui sint qui ad optio itaque. Iusto tempora fugiat nisi. Omnis atque nihil voluptas rerum ratione. Architecto temporibus dolorem soluta eveniet.','1989-01-08 08:24:37'),(150,180,134,'Enim quis et suscipit et fugit. Qui quisquam omnis voluptatum cupiditate ullam ut. Dolores quasi corrupti eos.','1996-12-01 23:58:57'),(151,181,182,'Veniam dolorem consequatur voluptatibus ea rerum. Qui cupiditate eos rerum. Eum voluptatibus quidem vero laudantium distinctio optio.','1972-04-09 14:02:49'),(152,182,157,'Sed magni ducimus cupiditate est cupiditate omnis tempora. Beatae incidunt dolorem aspernatur quaerat. Corrupti omnis quas aut aperiam.','1984-04-19 10:55:40'),(153,183,180,'Possimus velit aspernatur sed quam cum. Quas repellendus voluptatem quisquam vel.','1990-02-23 17:47:57'),(154,185,116,'Qui at aspernatur et est tempora. Voluptatum odit nihil sit id et vel optio. Quia voluptates at dolores commodi reprehenderit pariatur hic laborum. Iusto voluptas at nostrum. Ut illo voluptate quod id.','2006-01-29 02:26:47'),(155,186,178,'Recusandae molestiae natus nemo reprehenderit. Officia quaerat tenetur tempore qui dolor sunt fuga. Quibusdam saepe doloribus et molestias.','2005-01-22 07:44:39'),(156,189,131,'Vero nisi porro temporibus repudiandae quidem. Repudiandae qui praesentium dolores qui. Doloremque nihil sequi quia veritatis impedit accusantium.','1994-07-07 09:10:33'),(157,190,183,'Natus iste quia tempora itaque optio explicabo quo. Dolorem ullam delectus eligendi et sint iure nobis minus. Aut nam eveniet aperiam eius. Quasi numquam in explicabo temporibus ea enim et omnis. Nisi et asperiores rerum ullam esse corrupti qui excepturi.','2004-07-04 21:56:13'),(158,191,166,'Delectus numquam voluptatem nulla ut. Ducimus fuga illum tempore nesciunt. Dolorem sunt neque facere qui ea. Distinctio error ut similique nisi excepturi omnis.','2004-09-11 17:55:58'),(159,193,152,'Modi in laudantium et minima sapiente rerum saepe. Mollitia sint iusto eum veritatis dolores aut.','1985-11-12 17:34:07'),(160,195,165,'Similique incidunt cupiditate quod qui eos aut expedita. Ut aliquam odit id tempora in nostrum. Sunt fugit qui provident explicabo vel aut.','2010-02-24 14:18:46'),(161,196,131,'Nemo ab blanditiis nihil autem et. Consequuntur est quasi quis autem. Qui blanditiis reiciendis magni iusto.','2017-08-13 06:57:10'),(162,197,174,'Quia dolores cum iure dolor nihil omnis. Culpa ea enim dicta quas. Sed maxime itaque maxime ut et distinctio. Soluta quia quibusdam dolor provident.','2013-08-07 22:48:03'),(163,198,137,'Dolorem neque beatae et et. Ratione repudiandae natus laborum deserunt magni est. Mollitia magni similique incidunt soluta in accusamus.','1982-02-16 02:57:24'),(164,1,152,'Eum qui fugit ipsum consequatur ut. Id aperiam cum non qui quia amet eum. Occaecati velit reiciendis rerum perspiciatis. Nobis odit voluptatem dolorem possimus et.','1997-12-06 06:51:12'),(165,101,166,'Assumenda et dolorem autem aut deserunt perspiciatis. Repudiandae et nihil ipsam accusantium. Amet in excepturi qui eum deserunt sunt pariatur. Ut quo dolor aliquid libero.','2017-01-26 14:44:59'),(166,102,120,'Rerum omnis et id. Voluptas eos sed voluptatem. Animi et ut eos dolorem at.','1999-11-26 23:41:24'),(167,103,154,'Sed quidem rerum quia omnis quidem fugiat nobis tenetur. Nemo impedit consequatur maiores repudiandae accusamus delectus doloribus est.','2004-03-17 19:16:27'),(168,104,162,'Qui laboriosam nihil suscipit nesciunt et. Quia laudantium rem et nostrum. In minima cum tempora corrupti sapiente itaque. Quaerat asperiores hic est voluptatem quia.','1997-07-23 21:44:51'),(169,105,197,'Vitae laboriosam consequatur vitae voluptatum. Enim facere totam quidem ab. Ab dignissimos omnis repudiandae ipsum. Sit rerum temporibus et debitis molestiae sed sapiente.','1991-05-19 13:47:54'),(170,106,144,'Sequi illo quos voluptatem soluta ea nostrum perspiciatis. Iste et aspernatur quia. Nihil nam ipsa labore et fugiat consequatur quis animi. Adipisci eum praesentium porro unde necessitatibus dolor.','2016-05-11 05:06:15'),(171,108,140,'Quaerat quo nesciunt mollitia omnis. Omnis omnis sunt possimus architecto repudiandae. Quasi natus perspiciatis accusantium corrupti dolorem.','2018-09-18 19:00:08'),(172,111,141,'Sed ipsa unde quasi quam temporibus aut eos delectus. Quibusdam eaque voluptas quisquam. Nobis cumque vel ratione qui voluptas qui id magni. Maxime voluptas blanditiis consequatur.','2015-05-16 06:46:21'),(173,115,175,'Qui quia eum et dolorum et. Ut sequi eos ut sequi incidunt facilis. Quaerat est esse eaque est velit. Qui dolore voluptatem doloremque et eum in quae.','1992-10-02 19:04:59'),(174,116,185,'Eligendi iusto enim tenetur minus voluptatem quia in. Ipsa et ab deleniti at ipsum quo quis. Laborum voluptate blanditiis adipisci necessitatibus ipsa laborum qui reprehenderit. Sapiente dolorem rerum et mollitia.','1992-10-07 11:14:01'),(175,117,157,'Similique doloribus odit quis hic. Delectus repellat aut eligendi dolorem vero. Illo velit unde voluptatem et fuga quos.','2003-05-14 07:24:45'),(176,118,135,'Ad enim porro culpa blanditiis quisquam. Nisi omnis aut quam ut praesentium veniam voluptatem aperiam. Aut omnis quae doloremque consequatur sit. Id culpa numquam omnis accusamus et.','1983-01-03 17:13:09'),(177,120,181,'Et qui blanditiis qui ratione reprehenderit. Omnis natus qui ullam at. Aut voluptatem non quia sequi.','1993-09-27 16:47:58'),(178,121,140,'Exercitationem eos nulla autem temporibus dolorum cupiditate. Odit architecto repudiandae sed voluptatem eius assumenda suscipit.','1992-12-11 08:07:34'),(179,122,148,'Animi inventore hic voluptatem illo molestias praesentium. Qui culpa nihil possimus non exercitationem ut. Itaque omnis ut est quia quia. Tenetur placeat distinctio dolore laudantium harum rerum excepturi aperiam.','1981-04-04 09:27:50'),(180,123,134,'Cumque omnis id accusamus saepe quidem dolore vel. Qui debitis odio vitae minus vitae incidunt. Blanditiis debitis in facere omnis aut est quibusdam.','1987-04-14 03:26:14'),(181,125,140,'Ipsa occaecati delectus architecto saepe ut qui inventore aut. Commodi quod quo officiis saepe distinctio beatae. Rem ex sit in repellendus minus et eveniet repellendus. Ut et rem labore hic modi.','1988-11-28 09:12:12'),(182,127,103,'Aut vero sed libero provident. Et laudantium quisquam at. Consequatur eius soluta modi facere iste. Est dolorem autem ut quam reprehenderit aperiam dolorum.','2008-02-26 20:50:35'),(183,128,108,'Reiciendis vitae sunt nostrum totam et. Sed nam officiis est numquam. Modi accusantium beatae quis et velit. Voluptatem quam mollitia qui error aspernatur molestiae maxime.','1996-05-01 23:31:13'),(184,129,137,'Labore facilis ullam debitis illum voluptatem. Sunt enim accusamus excepturi incidunt et a fugiat. Eaque enim quam accusantium qui mollitia repellendus est. Qui vero qui at in voluptatem quo commodi.','1992-07-24 17:57:01'),(185,131,197,'Est vero iusto sit. Ab eveniet et et. Velit molestiae libero quisquam quasi. Dolores et molestiae quas non qui.','1998-10-12 17:29:17'),(186,133,190,'Maxime quaerat sit aut reprehenderit et. Et voluptate est magni ea quam illum aut. Temporibus ut hic velit. Omnis expedita dicta quae sint sint expedita sed. Beatae iure commodi aut sequi at qui illum dolor.','2001-07-05 14:17:51'),(187,134,128,'Repellat quidem corporis provident accusantium. Et commodi exercitationem quis vitae doloribus. Aliquam maxime eligendi neque quia.','2004-06-29 14:42:19'),(188,135,133,'Mollitia ut praesentium et aut atque reiciendis est adipisci. Sed quia totam soluta esse sequi aut. Ut et vitae maxime explicabo et.','2019-12-21 05:36:42'),(189,136,103,'Hic autem ea aut et. Porro corrupti sit consequatur magnam similique debitis eveniet. Officia et impedit delectus assumenda expedita ipsam.','1972-12-03 09:33:46'),(190,137,154,'Eius non ut minus qui nemo enim. Aspernatur numquam praesentium rerum quos aut id qui dolore. Dicta modi aut illo exercitationem. Sed occaecati amet maxime culpa.','1997-07-17 15:36:56'),(191,140,142,'Quos adipisci explicabo similique mollitia non sed rerum consequuntur. Possimus sit nostrum fugit corporis dolore suscipit. Sed eos rerum quis pariatur nulla. Quis repudiandae blanditiis a eum sunt recusandae et.','1978-09-15 22:29:20'),(192,141,197,'Voluptate maxime et doloribus nulla quam. Sint autem est alias asperiores ducimus at. Totam molestiae est sunt et sunt ut. Corporis fugit velit quisquam et.','2018-06-18 17:04:54'),(193,142,1,'A error illum recusandae dolore dolore consectetur est. Sunt et deleniti voluptatibus eum voluptatibus. Omnis reiciendis sapiente recusandae assumenda impedit ut blanditiis. Voluptatem voluptatem accusamus dolor soluta.','2008-11-18 14:48:28'),(194,144,162,'Veniam ex illum ullam ut. Est eius perspiciatis esse magni. Esse a ducimus quia voluptas quis quisquam. Voluptas excepturi ducimus id veritatis quo rerum.','1984-11-11 02:10:24'),(195,148,108,'Sed animi et facere non. Est voluptas dignissimos facilis qui delectus fugit ratione. Reiciendis repudiandae rerum deleniti consequuntur labore est. Et sint omnis iure assumenda temporibus molestias hic.','1986-04-14 03:15:57'),(196,152,137,'Enim id sit provident voluptatem harum aut excepturi. Perferendis minus voluptates maxime provident et sit voluptates temporibus. Recusandae exercitationem nesciunt distinctio minima voluptas.','2020-06-24 16:18:57'),(197,153,131,'Quia ipsam est impedit ut illum sint. Laborum doloremque quis maxime beatae dolorem. Dolor reiciendis aspernatur laboriosam accusamus soluta.','1979-10-24 20:45:53'),(198,154,183,'Fuga rerum odio et totam. Hic doloribus blanditiis sed autem aliquam. Quibusdam atque et nulla illum sint nostrum.','2000-11-21 13:16:18'),(199,155,156,'Et est consequatur fugiat nihil aperiam eum molestias. Eum ut laudantium eos tenetur enim cupiditate. Vero ab aspernatur nobis ut. Rerum repudiandae id illo exercitationem.','2017-07-06 06:39:38'),(200,156,122,'Amet omnis qui porro vero. Aut est aut nam sint reiciendis harum maxime cum. Natus totam sint fugiat delectus molestias. Reprehenderit praesentium impedit qui doloremque similique iusto hic.','1983-03-01 21:32:05'),(201,157,156,'Magnam quos velit blanditiis aut. Sequi nemo aut pariatur id vitae blanditiis. Corrupti possimus repellat incidunt consectetur. Quas ad saepe at suscipit magni iste corrupti.','1997-03-01 15:33:57'),(202,161,133,'Impedit dolores facilis recusandae molestiae numquam. Blanditiis ad et assumenda. Ex beatae expedita vitae ratione et officia autem atque.','2000-04-06 19:04:24'),(203,162,141,'Ut repudiandae ducimus sunt debitis et. Numquam tempore voluptatum et maxime doloremque itaque praesentium et. Veniam tempore et qui ipsam. At eum nulla ut laudantium. Sit voluptatum magnam autem.','1986-05-23 00:28:51'),(204,163,111,'Dolores sapiente possimus voluptatibus tempora debitis ratione. Perferendis natus possimus tenetur facere. Consequatur id animi dolores ut. Laborum reprehenderit at impedit perspiciatis et reprehenderit dignissimos est.','2017-01-03 20:29:33'),(205,165,168,'Id in et voluptatem molestias hic qui iusto qui. Quis neque similique tempora voluptas quam vel accusamus. Non quisquam quia voluptatem asperiores eos. Unde a hic dicta voluptates. Porro sed sed nostrum est delectus recusandae praesentium.','2003-12-25 14:57:31'),(206,166,190,'Ratione tempore dolore quia et quod eligendi iure. Sunt qui animi culpa molestiae aliquam at consequatur. Ut sunt consequatur ut blanditiis eos veritatis molestiae.','1978-03-09 14:48:22'),(207,167,136,'Qui est et nihil consectetur nesciunt odio. Non voluptates at est ut id. Debitis corporis voluptatem amet odio vel at sint. Enim necessitatibus ad aut qui qui et quis non.','1983-06-20 14:48:44'),(208,168,180,'Accusantium quia natus natus minus omnis. Quo voluptatem perferendis numquam omnis modi praesentium voluptatem voluptatem. In adipisci et voluptatum tempora ipsam fuga et. Ut et rerum facilis. Qui consectetur velit nobis iusto.','1972-08-02 14:27:34'),(209,174,131,'Aut repudiandae qui provident nihil nulla eveniet nihil. Asperiores odit et autem est voluptate ullam. Libero aperiam non sit quisquam.','1987-02-04 14:20:51'),(210,175,174,'Ipsa blanditiis soluta ullam accusantium sequi ut veniam recusandae. Excepturi eum veritatis iure nisi dolor ipsam modi. Voluptatum rerum rerum dolorem ea sapiente accusantium et.','1972-01-28 15:22:28'),(211,178,148,'Repellendus non nulla repellendus atque. Eos esse sint velit impedit sit omnis voluptates natus. Omnis quidem et sapiente dolorem debitis. Harum corrupti non ea omnis officia.','1994-11-17 15:25:20'),(212,179,117,'Nobis deserunt laudantium eum ipsa vel atque. Odio at rerum voluptas at sed. Ut est eveniet reprehenderit eum aut ratione. Voluptatem fugit tenetur ipsam id ut.','1971-01-15 05:31:19'),(213,180,191,'Ullam impedit nisi consequatur fuga occaecati. Optio qui id similique est esse. Eum iste deserunt magnam est.','1970-10-01 19:24:26'),(214,181,116,'Voluptas consequatur rerum ducimus natus eaque asperiores. Enim hic pariatur dolor dignissimos deserunt sit exercitationem. Necessitatibus fugiat neque molestiae repellendus saepe placeat ipsam.','1977-01-19 03:11:18'),(215,182,157,'Autem enim magnam animi labore sit dolores beatae reprehenderit. Harum temporibus et non non accusantium quas facilis tempore. Consectetur mollitia numquam dolores perferendis similique molestias. Adipisci saepe exercitationem quis sint.','2011-10-27 05:08:52'),(216,183,148,'Itaque magnam repellendus sunt aliquam molestiae quos hic. Harum doloribus sint non consectetur est. Est non sit sed iste sint fugit quidem.','2016-01-16 13:29:25'),(217,185,144,'Praesentium eius sint modi. Aut autem unde esse. Vitae esse laborum aut sapiente suscipit. Nostrum non ipsam rerum et reiciendis.','1998-04-03 18:31:48'),(218,186,116,'Tenetur quasi qui odio maiores consectetur. Est sunt vitae vitae illum et nemo.','2003-06-17 04:02:57'),(219,189,179,'Vel voluptatem delectus nobis et tempora nostrum maiores. Magni vitae minus in rerum velit sed quia. Sed rerum eveniet numquam porro. Voluptatem nulla quod harum asperiores.','2018-03-21 01:04:11'),(220,190,183,'Sed cumque non est eum beatae. Quo sequi possimus tempore qui. Dolores quia dolor veritatis veritatis vero neque quasi omnis. Cumque inventore esse blanditiis quod. Dolorum deleniti doloremque quia dolorum optio.','1997-08-27 10:40:07'),(221,191,148,'Nemo et qui praesentium. Eaque a facilis voluptatibus omnis. Voluptate reiciendis maxime occaecati dignissimos quas voluptate sed.','1988-12-24 19:56:31'),(222,193,127,'Tempora sint at praesentium blanditiis rerum. Ut autem non repellendus deserunt velit ipsa ipsa nihil. Architecto et et libero qui aspernatur. Magnam exercitationem fuga sapiente quod sunt eveniet. Alias est nisi hic ut illo temporibus saepe.','1972-02-25 23:33:24'),(223,195,174,'Deserunt quos ex est voluptates et sequi consequatur. Quo consequatur est omnis possimus. Cumque culpa dolorum aut. Molestiae laborum soluta et dolorem qui.','2014-06-09 00:47:51'),(224,196,168,'Aut libero quo tempora deleniti voluptatem sit ut. Excepturi aut voluptatem ea nobis sint et. Suscipit quaerat molestiae dolor ut.','1983-08-24 17:54:15'),(225,197,106,'Et repudiandae voluptatem minima voluptatem non asperiores. Dolorem saepe soluta quia vel doloribus nihil sapiente. Ab consectetur quae quis libero. Placeat voluptas aut fugiat debitis explicabo repellat voluptatem quia. Iste atque voluptate incidunt et.','1984-11-19 06:23:17'),(226,198,136,'Rerum et blanditiis voluptatem sed dolores tempora aut. Vero architecto omnis velit neque amet. Illum ut provident blanditiis est illum explicabo quia.','1988-11-09 13:12:12'),(227,1,1,'Repellendus nesciunt impedit labore quibusdam libero exercitationem sapiente. Sequi sequi facilis aliquam hic ut. Itaque aliquid impedit ea.','1987-08-01 05:57:23'),(228,101,174,'Fugiat libero velit est aperiam cumque odio. Sint ratione soluta distinctio corporis. Quisquam sunt eligendi enim aut quae.','2004-08-23 08:50:33'),(229,102,136,'Consequatur eius deserunt animi reprehenderit vero. Velit dolore laudantium blanditiis repellat dolores odio ut. Necessitatibus et ut voluptates sunt. Praesentium eligendi facere aperiam aut non illo.','2011-03-13 09:29:48'),(230,103,127,'Necessitatibus expedita quo ex impedit consequuntur voluptatum. Rem iusto reiciendis aut molestiae itaque. Et perferendis consequatur tenetur omnis in facere. Esse reiciendis officia in minus.','1995-06-21 20:04:48'),(231,104,141,'Sed illum minima omnis natus quia aut. Molestias aut vel dicta sint repudiandae. Placeat enim consequatur aperiam quos et.','1983-09-13 21:21:06'),(232,105,115,'Voluptatem ut molestiae ea aliquam dolores error. Ipsam totam earum minima illum ad. Quia qui dolorem sequi.','2016-01-28 04:08:34'),(233,106,155,'Ipsum assumenda corrupti culpa laudantium. Optio distinctio molestias provident et sunt in et. Illo dolores dolores provident ut.','1985-06-26 23:18:58'),(234,108,162,'Quasi natus optio voluptas nihil. Dolorem sit voluptas minus reprehenderit. Nemo magnam consequatur rerum voluptatum ab itaque. Ipsam quis optio sed maiores voluptatem voluptas rem.','1979-07-07 13:51:13'),(235,111,193,'Velit ut necessitatibus ipsam vero voluptatibus omnis est nobis. Rerum reiciendis ipsum voluptatibus sed dolor iure laudantium id. Eum impedit aut ullam pariatur ex.','1997-04-22 08:26:58'),(236,115,182,'Cumque neque sunt deleniti aut nobis debitis iste. Magnam ut possimus dolorem quae. Facilis et consectetur deleniti aut ea voluptatem distinctio sunt.','2014-09-06 17:44:45'),(237,116,153,'Sequi sit eveniet velit minima occaecati provident. Sequi deleniti iste et consectetur qui sint. Illum sequi enim porro quasi reiciendis corporis.','2005-09-23 23:45:09'),(238,117,103,'Vitae omnis exercitationem velit voluptas qui autem. Quam corrupti id quaerat.','2011-06-13 04:05:22'),(239,118,116,'In sed ut veritatis sed. Itaque veniam quam incidunt et repudiandae. Saepe veniam ipsam reprehenderit explicabo totam consequatur. Laboriosam et temporibus distinctio.','2014-11-09 11:45:19'),(240,120,163,'Laborum accusantium sequi perspiciatis unde unde inventore aspernatur. Voluptas similique quo sequi. Cumque corrupti rerum et ut laborum. Est atque consectetur porro quae dolores sed quo.','1992-04-15 00:43:33'),(241,121,140,'Sint quod sunt odit consectetur. Eius voluptatum repudiandae sed sunt qui vitae tenetur ut. Eos possimus molestiae quas asperiores quia harum architecto.','1993-03-23 08:48:22'),(242,122,129,'Sint ut ab explicabo. Qui repellat molestias quas provident nobis dolore non. Dolor facilis nam quasi suscipit incidunt adipisci officiis. Debitis labore fugit omnis sunt blanditiis quas.','2013-10-22 22:13:45'),(243,123,161,'Eius cum non sunt sequi voluptatem deserunt numquam vitae. Voluptatem consectetur consequatur et ratione rerum iure deserunt.','1995-04-26 17:25:29'),(244,125,111,'Quas quae sint sed deleniti unde. Rerum quia tempore animi alias qui consequatur temporibus. Iusto aut debitis est tempora quos et.','2002-11-22 12:12:03'),(245,127,108,'Adipisci tenetur et dolores et repudiandae porro beatae. Reiciendis nemo eligendi dolor. Maxime nobis ut possimus porro sapiente quo aut non. Quas debitis vero omnis vero voluptatem dolorum molestias magnam.','2006-04-20 02:09:40'),(246,128,195,'Omnis aperiam aperiam deserunt dolorem deleniti. Consequatur iure accusantium ipsam et nam. Dolor error unde aspernatur eos illum aut exercitationem. Pariatur eveniet aperiam possimus adipisci asperiores quia porro.','1983-06-15 04:15:38'),(247,129,197,'Porro quia est voluptas ut mollitia quia tempora. Voluptate autem pariatur animi. Quae voluptatem aut id rerum.','2005-01-01 01:42:20'),(248,131,137,'Quibusdam asperiores minus voluptas maxime. Eum accusamus ut ab. Quia quo et tenetur doloremque. Fugit vitae et commodi ullam repellendus impedit repellat natus.','1981-03-04 16:15:00'),(249,133,156,'Autem accusantium aliquid quisquam deleniti velit ipsa. Suscipit ab necessitatibus voluptate iste soluta et eum.','1995-11-19 18:02:19'),(250,134,104,'Dignissimos quae voluptatem eveniet asperiores quia. Nihil quo nihil illo amet quas. Amet sint ratione aut aut qui deleniti.','2015-04-05 11:44:02'),(251,135,111,'Ut mollitia magnam officia id voluptates quia maiores. Velit quo voluptatem ea dolorem sed nihil sed. Fugiat illo ab inventore voluptates enim.','1999-01-31 09:20:21'),(252,136,102,'Nihil nemo odit omnis reprehenderit neque. Atque aut rem est. Possimus ut non repudiandae excepturi illo aut numquam. Quisquam iste assumenda nihil officiis ut explicabo.','2019-04-04 07:58:01'),(253,137,115,'Officia et est et ut tempore aut impedit. Mollitia perferendis ea ea. Est iure soluta nostrum deleniti doloremque dolor sint. Fuga veniam ad consequuntur. Quia veniam qui dolorum labore pariatur pariatur rerum.','2009-08-12 23:34:03'),(254,140,186,'Ut natus eum iste corrupti voluptatibus. Voluptate debitis id eligendi nesciunt velit corrupti. Eum quas et quo nulla aperiam. Sit rem voluptatem autem quia voluptatem quis et dolorem.','1996-11-13 10:39:57'),(255,141,116,'Nihil et eum blanditiis velit tenetur laborum. Cumque eveniet odit quo dolores fugiat ut. Architecto esse nisi ullam consectetur alias. Illum iste dolore et eveniet eius accusamus sed.','1996-01-19 11:14:49'),(256,142,135,'Harum quis eveniet et. Et ut quia magnam dolorem. Minus esse eaque et corporis voluptatem est. Illo non provident tenetur.','1972-12-11 09:51:23'),(257,144,195,'Nulla qui enim rerum impedit facere. Explicabo beatae illo provident provident dolorem deleniti. Quos autem similique ut quo rerum deleniti quia. Velit fuga maiores inventore assumenda ullam.','1996-12-02 12:25:10'),(258,148,168,'Eum architecto minus porro dolores voluptatum dolorem. Libero voluptates aut reprehenderit blanditiis atque. Tenetur repellendus quia asperiores voluptatibus consectetur et.','2008-07-20 22:07:49'),(259,152,153,'Ut odit aut tempora illo aperiam. Pariatur consectetur omnis nobis aut. Ut qui sit rerum veniam nobis earum.','2004-09-29 22:56:07'),(260,153,135,'Voluptatem inventore omnis ab sint. Molestias consequatur ut dicta reiciendis iste quis quia.','1970-12-25 03:23:22'),(261,154,127,'Excepturi voluptas cum ratione dignissimos et autem voluptatem. Rerum et tenetur non. Maiores voluptatum eaque sed impedit.','1977-04-17 14:07:32'),(262,155,180,'Doloribus voluptatem sed quia quibusdam quia. Itaque repudiandae inventore rerum praesentium voluptate. Nobis eum rerum et molestias saepe a iusto. Fugiat aut est tenetur tenetur aut dolorem.','1977-02-23 21:03:10'),(263,156,117,'Molestias maxime qui sed molestias. Quos nihil eum odio eligendi explicabo ex aut. Optio provident eos quas explicabo maxime qui assumenda.','1993-06-20 16:07:00'),(264,157,153,'Non consectetur consequatur est consequatur et sed ut quaerat. Sunt eum nam doloremque fugit. Voluptatibus voluptatem quam eius aliquid consequatur vero. Dolor animi totam mollitia ut minima.','1992-12-16 05:55:30'),(265,161,152,'Id quasi ut reiciendis magni quod quos totam. Odio nam incidunt voluptates repudiandae aperiam. Enim animi voluptatibus voluptatem et quod.','2014-02-17 11:34:19'),(266,162,136,'Ullam id qui id commodi ipsum. Aut eaque molestiae velit sequi doloremque doloremque esse.','2005-08-13 23:17:48'),(267,163,161,'Eaque aperiam quos quam harum porro molestiae ut. Non molestias optio voluptas illum. Voluptatem corrupti voluptatem nostrum blanditiis. Rem aut sed amet sit exercitationem iure corrupti quam. Distinctio nobis quia eum rem voluptas voluptatibus culpa.','2007-08-01 01:53:41'),(268,165,137,'Iure assumenda distinctio nostrum dolores voluptate laborum ut. Error repellat nesciunt ea qui nulla labore. Sequi nihil ab enim nostrum atque. Voluptate sit temporibus ab illo.','2003-03-05 01:30:31'),(269,166,140,'Debitis cupiditate provident consectetur laborum. Tempore consectetur nemo eveniet iusto omnis voluptas delectus. Dolorem ex dolor laboriosam molestiae voluptatem et. Qui facilis rerum dignissimos occaecati aut.','2000-01-28 21:40:46'),(270,167,155,'Aperiam repellendus perferendis totam repellendus est maxime. Iusto voluptas eveniet dolorum quia voluptatem rerum. Alias dolor veritatis cupiditate dolor est eius. Ipsum molestiae aliquid temporibus eligendi rerum quibusdam. Veniam deleniti voluptate soluta cumque aut.','1974-09-08 02:33:53'),(271,168,178,'Incidunt similique aut officiis aspernatur. Nisi doloribus ratione itaque ipsum beatae. Sunt consequatur rerum nostrum est sit explicabo. Error aut sit reprehenderit quia magni unde.','2014-06-17 20:06:55'),(272,174,182,'Corporis qui perspiciatis neque maiores libero ipsa. Deleniti omnis aut dolor impedit dolorem. Optio quod et et et magnam et in. Expedita quod in at vel in.','1982-08-24 09:15:37'),(273,175,103,'Voluptatum dolores praesentium enim sunt. Quia quasi non porro in iste. Id id libero autem laudantium.','2015-03-14 23:23:39'),(274,178,190,'Sint sint ut facilis aut perspiciatis perspiciatis. Aut temporibus qui voluptatibus.','1974-03-27 02:51:40'),(275,179,123,'Facere earum aut quaerat sed exercitationem. Expedita modi dolore tempore. Suscipit incidunt maiores velit aut veritatis inventore.','1983-02-01 15:44:05'),(276,180,111,'Quae at est facere incidunt. Iure repellat inventore quo voluptate ut inventore nihil. Possimus assumenda adipisci cum porro.','2001-10-28 23:01:06'),(277,181,157,'Voluptatibus sunt nobis ipsum accusantium quaerat iusto quaerat. Rem nemo perferendis eaque exercitationem. Omnis nesciunt distinctio cum adipisci qui. Et atque odio consequatur unde sit sunt non.','2000-05-27 02:50:14'),(278,182,111,'Et sit libero necessitatibus accusamus nihil inventore. Tenetur porro magni doloribus inventore. Rerum blanditiis blanditiis dolorem ad voluptas repellendus sit.','2012-08-29 22:00:36'),(279,183,154,'Molestiae ut enim et ipsa dicta impedit. Cumque aspernatur recusandae quo culpa. Assumenda ut voluptatum commodi voluptatem nemo ea.','1975-05-10 23:56:02'),(280,185,163,'Illum debitis molestias ipsum voluptates quisquam. Perferendis nam et dignissimos culpa rerum optio culpa. Voluptate voluptatibus ipsa autem.','1991-04-27 02:28:47'),(281,186,167,'Explicabo quia labore blanditiis blanditiis. Quo deserunt et eius consequatur officiis rerum consequuntur nesciunt. Commodi nesciunt sapiente et. Numquam consequatur ea quia aliquid. Voluptate ut praesentium quia.','2009-04-20 08:20:16'),(282,189,125,'Id provident quisquam quibusdam sed voluptate. Rerum et error aut minima rerum modi. Repellat ut voluptatem aut inventore eum aperiam sit.','1994-05-31 14:53:03'),(283,190,163,'Beatae iusto accusantium saepe omnis voluptate. Sed cum odio adipisci et quae pariatur possimus. Debitis eum porro reprehenderit consequuntur voluptate qui quas praesentium.','1975-08-18 20:42:38'),(284,191,121,'Ut voluptas facere aperiam reiciendis rerum ipsum. Mollitia consequatur corporis perspiciatis rerum minus ipsa. Magnam tenetur vero repellat consequatur voluptates sint recusandae.','1980-08-28 16:27:58'),(285,193,167,'Voluptas voluptatum dolorem vel et sunt ea architecto veritatis. Et et reprehenderit perferendis labore alias. Sed sunt odio mollitia rem.','2012-05-16 15:50:38'),(286,195,136,'Aut minus earum incidunt. Doloribus sit corrupti beatae quia quae consequatur qui. Aspernatur debitis ut deleniti provident enim officia deserunt quis.','1975-07-22 23:21:56'),(287,196,115,'Doloremque blanditiis placeat et quo ipsam perferendis expedita sequi. Qui quam aperiam qui voluptates. Sed accusantium culpa saepe nihil exercitationem consectetur. Voluptas dolor quis aut totam distinctio non nihil aut. Facilis tempora quis in et ut deleniti.','1980-09-24 05:17:13'),(288,197,116,'Inventore voluptas enim ut corporis quia. Voluptas praesentium dolores aut veniam. Illum ut fugiat est maiores. Consequatur consequatur aut dolor quas sit.','1973-08-08 23:21:16'),(289,198,193,'Rem dolorem nulla et sunt iure quas esse id. Qui eaque est et odio dolor eligendi. Quia hic aut autem qui repellendus non.','2017-07-01 09:20:09'),(290,1,198,'Et numquam recusandae quidem velit accusamus sit. Voluptate tempore quas voluptatem dolorem omnis ad. Illo in qui repellendus eveniet voluptatem nihil animi. Veniam maiores ad distinctio est sunt.','1974-11-23 15:11:53'),(291,101,175,'Sed accusamus repellendus sit quis molestias voluptatum necessitatibus. Est aliquid ea voluptatem consequatur magni. Saepe perspiciatis animi sed est. Est vero aut et quo delectus ex eius mollitia.','1973-01-06 14:46:41'),(292,102,157,'Eos quia sed rerum corporis unde. Vel aspernatur sunt cumque eos. Nulla alias occaecati nostrum id molestiae a. Nam nemo quo aut iste ratione quae ut.','1984-02-15 10:08:44'),(293,103,162,'Inventore et nihil et excepturi enim ut ipsum. Voluptates quo nesciunt at reiciendis est illo aut. Et dolor vel voluptas nihil. Nobis nulla expedita recusandae ut.','1974-11-22 17:14:26'),(294,104,161,'Ab sed veritatis minus quibusdam quos error. Occaecati quia asperiores voluptatibus maxime molestiae. Eveniet facilis quaerat quis rerum. Facilis ut est pariatur officia aut. Ex molestiae voluptates quia tenetur velit sit.','1984-04-11 21:53:23'),(295,105,131,'Repudiandae eos libero quo dolor voluptatem. Nobis voluptas nisi eos hic possimus beatae. Eaque dolores aperiam voluptas porro inventore ratione. Ratione debitis eaque omnis magnam excepturi quo odio.','1989-08-06 05:16:10'),(296,106,148,'Unde ipsam sunt sit nostrum. Accusantium vel nostrum accusantium excepturi et voluptatibus. Unde est cumque et doloribus molestiae. Enim aliquid est doloribus et illum aut quaerat.','1977-02-04 11:14:54'),(297,108,152,'Laboriosam maiores quam dolores reiciendis perspiciatis. Unde odit eius et alias qui illo vitae. Ipsa vitae quia non labore voluptas ipsam.','1980-09-01 10:58:07'),(298,111,154,'Quis et et eligendi architecto ea vel facilis sunt. Sit aliquid nihil error quo. Nostrum velit est voluptatum. Sed pariatur sit quis odit. Et hic praesentium corrupti nihil expedita harum.','2001-11-10 16:34:38'),(299,115,105,'Tempore necessitatibus voluptate in qui. Ea officiis dolores et voluptatem esse assumenda doloremque. Consequatur ducimus beatae sunt sit nesciunt.','1974-02-13 02:38:14'),(300,116,152,'Dolores quae dignissimos placeat aliquid aut. Necessitatibus est similique et distinctio. In rerum est atque adipisci dolor.','1996-01-23 08:35:28'),(301,117,185,'Quo sint voluptatem enim eaque debitis. Ullam ducimus enim quia et ipsa et. Quis minima minima corporis dicta repellat fugiat sint.','2016-08-20 10:30:37'),(302,118,129,'Eos et et recusandae cum sunt. Corrupti ut modi nam dolore.','1994-05-10 13:17:06'),(303,120,131,'Fugiat eos rem ipsam quo eius quasi. Voluptatum quae pariatur perspiciatis autem voluptatem tenetur velit. Sed quisquam mollitia eveniet provident asperiores dolores.','1974-11-27 21:07:14'),(304,121,129,'Enim cupiditate optio illo est consectetur. Debitis adipisci vitae natus sed fugit. Facilis quae autem fugit dolorem nihil.','1979-10-11 14:40:20'),(305,122,102,'Et quia enim et. Quisquam sit sed ut cum maxime esse. Maiores qui dolores corrupti qui tempore distinctio dolorum.','2018-05-03 23:03:42'),(306,123,133,'Sunt tempora illo tempore perspiciatis at quod fugit. Quis molestiae voluptatum consequatur officiis cum doloremque necessitatibus eos. Nobis dolorem sint et error.','1984-03-26 17:28:57'),(307,125,140,'Eum est dolor ipsa molestiae quaerat. Ipsum dolor eum qui cumque mollitia voluptatum. Optio explicabo in corporis dolores reiciendis explicabo est iure. Architecto rerum tenetur explicabo. Est ullam fugit nihil tempora nobis voluptatem.','2003-04-06 04:16:52'),(308,127,175,'Harum sed laborum sit consequuntur et sint. Placeat ut architecto ut totam. Quas impedit eveniet neque. Suscipit nam culpa consequatur dolores.','2010-04-24 15:18:00'),(309,128,136,'Similique porro similique magni animi. Sapiente qui minima aut rerum. Ut eaque temporibus assumenda quis tempora. Id rerum voluptatem alias.','1986-03-29 22:24:23'),(310,129,101,'Tempora quis nesciunt soluta. Necessitatibus sunt non voluptate assumenda. Totam sequi ut id enim temporibus. Ea quia quis natus quaerat sequi repellendus ducimus quaerat.','1986-07-26 01:19:30'),(311,131,1,'Dolores porro veritatis aut sapiente. Est nihil autem sit non et ut. Veniam sed illo error magnam sint ut ut.','2005-09-19 04:43:45'),(312,133,133,'Voluptatem esse rem fuga natus quidem delectus dolores ut. Rerum repudiandae ad sunt aut. Velit modi vel possimus.','2009-11-18 16:31:50'),(313,134,127,'Molestias ipsa animi voluptatem impedit quod natus et cupiditate. Expedita soluta explicabo molestias. A debitis placeat corporis minus et suscipit occaecati. Nesciunt ut laborum reiciendis optio amet quisquam et. Ut consequuntur nobis nemo id quae quis.','2008-12-01 00:37:56'),(314,135,157,'Voluptatum id sapiente nobis unde autem eos eos fuga. Id optio necessitatibus fugit quam quam.','1981-08-05 13:39:34'),(315,136,152,'Sed est corrupti dolorem molestiae qui est. Dolores quisquam tenetur perspiciatis ut dolorem minima qui. Eum delectus porro et mollitia est molestiae voluptatibus.','1979-06-10 17:09:29'),(316,137,131,'Ullam repudiandae cupiditate ut nostrum facere. Ipsum architecto sunt vero. Ut quisquam quia quae recusandae sed numquam ut.','1980-02-25 19:52:38'),(317,140,104,'Eos dolores velit saepe sit distinctio qui aut. Tenetur veniam aliquid ea sed dolor fugiat fugiat. Qui et minus in tenetur rerum voluptas excepturi sapiente.','2007-01-25 15:15:12'),(318,141,167,'Totam consequatur ex consequatur sit. Consequatur laboriosam neque quia nam enim voluptatibus. Beatae ab voluptas atque maxime non. Est et non qui aut accusamus nemo repellendus repellendus.','1997-01-04 07:30:21'),(319,142,181,'Accusantium et non dolores neque aut et eveniet. Et soluta qui voluptatem vitae autem. Ut sint architecto earum aut voluptatibus.','1980-06-12 00:59:23'),(320,144,118,'Et unde numquam fugiat fugit laudantium dolore officiis. Eveniet fugit asperiores cum. Deserunt qui eum qui impedit omnis. Eveniet assumenda tenetur natus qui reiciendis.','2016-09-08 16:04:14'),(321,148,148,'Quasi est est sunt totam. Non et voluptatem in assumenda. Quod sint harum alias quibusdam inventore ducimus magni nihil.','2011-07-15 02:45:33'),(322,152,116,'Eveniet maxime quia velit delectus ut ipsa odit. Nesciunt ratione hic aspernatur distinctio possimus fuga. Sapiente officiis deleniti sit tempore qui distinctio. Qui et reprehenderit ut molestiae aut rerum eligendi.','1987-03-26 04:05:27'),(323,153,189,'Mollitia repellendus ut et saepe alias consequatur dolores. Consectetur sapiente ullam et aut et deleniti beatae maiores. Esse non ad ut modi earum expedita.','1980-04-24 15:42:56'),(324,154,166,'Qui molestiae repudiandae nulla cumque officiis blanditiis. Dignissimos est dolorem inventore ducimus quaerat ut ut. Voluptate non ducimus voluptatum velit. Optio non eos quis voluptates dicta animi.','2000-12-11 08:13:51'),(325,155,193,'Soluta iste eum asperiores aut. Enim tenetur voluptate ipsa eum sed beatae nesciunt. Maiores quos id doloribus incidunt ut.','1990-04-22 05:14:21'),(326,156,186,'Dolor veniam expedita a possimus. Qui quia placeat nisi eius asperiores sint dolores. Ducimus blanditiis iure et reiciendis corporis. Inventore vel et sint.','1970-06-21 06:52:25'),(327,157,191,'Molestiae architecto ipsa quibusdam et consequuntur possimus consequatur. Sapiente qui iusto sequi impedit iusto. Earum dolor ut molestiae voluptatibus laboriosam perspiciatis eum.','2015-10-02 22:12:45'),(328,161,197,'Placeat fugit reprehenderit molestias dolorum. Consequatur mollitia animi dicta autem voluptas fuga ex. Tempore ullam consequatur voluptatem laborum itaque. Quaerat ducimus similique rerum est error.','1996-10-20 05:05:50'),(329,162,137,'Ut a ut rerum iste magni ea. Vitae earum officia vel qui. Inventore odio dolorum accusamus rem rerum. Dolores quia sunt voluptas et minima. Impedit provident quis maiores nemo atque temporibus maiores.','2015-01-13 13:09:39'),(330,163,140,'Eius soluta recusandae voluptatem magni quidem possimus. Iusto dolor at sit magni quae illo. Provident et dolorem veritatis ex odit sunt.','1994-03-14 14:00:41'),(331,165,123,'Praesentium nostrum corporis velit exercitationem autem. Vel incidunt est a delectus dolorem. Autem ut vero pariatur esse laudantium consequatur tenetur dolor.','2000-03-08 19:26:09'),(332,166,128,'Dolores et quo laudantium temporibus aspernatur minus animi. Consequatur beatae nesciunt sequi quo quibusdam. Sit quos ad dolorem eos totam. Mollitia ducimus reprehenderit quibusdam vero quia iure doloribus. Ut numquam nihil voluptatem quis repellat.','2010-04-29 03:56:34'),(333,167,103,'Harum corporis sit consequuntur nostrum nihil. Qui distinctio id hic. Enim rerum et quod excepturi est tempore. Nostrum delectus vero vero quis.','1980-07-30 23:30:55'),(334,168,148,'Delectus dolore sit voluptates quam earum. Dolores et repudiandae tempore. In molestiae voluptates et.','2014-05-22 20:24:42'),(335,174,153,'Natus non aperiam quia odio eum tenetur omnis. Eos vel eligendi nostrum assumenda vitae eos et. Totam quisquam similique culpa occaecati ullam.','1971-06-05 01:42:35'),(336,175,157,'Natus sed et et et voluptas. Qui odio non harum repellendus quod tenetur quia.','1990-07-08 21:36:48'),(337,178,195,'Ipsam vel eos libero. Id sint temporibus nisi sint odio. Dolorem quisquam aut quis libero qui eveniet animi.','1984-11-14 22:21:44'),(338,179,152,'Rerum pariatur repellendus nulla a aut. Voluptas praesentium ex a rem quia illo. Est quo aut sunt et molestiae corporis voluptatem.','1970-06-25 18:44:31'),(339,180,136,'Esse quia aut perferendis occaecati qui sequi perferendis. Ipsam quia ipsam architecto et. Voluptate dolore ut magni veniam eaque sed.','1983-06-16 18:06:09'),(340,181,156,'Iusto et ipsa reprehenderit id perspiciatis corporis impedit. Provident esse est deleniti eligendi. Quaerat atque quidem incidunt quisquam inventore veritatis laudantium.','1976-10-08 19:16:50'),(341,182,121,'Ab adipisci modi corporis ea sunt et. Enim molestias sint ab sit. Omnis at sit eum ducimus magnam. Exercitationem repudiandae aliquam nam quod.','1982-04-19 10:12:07'),(342,183,142,'Sunt dicta rerum et. Explicabo qui quas rerum atque rerum minima voluptate quod. Delectus nobis exercitationem sit quo sed non. Dolorem animi quia sit quam. Veniam molestiae et voluptas asperiores.','1977-10-06 01:48:40'),(343,185,148,'Deserunt sed cum atque voluptate at officia. Accusantium dolores nisi repudiandae vitae eius expedita. Est vero et consequatur et dicta necessitatibus. Similique itaque et dolores inventore maxime eveniet sed at.','1991-08-09 12:31:17'),(344,186,189,'Ea vero perspiciatis hic aut voluptatibus. Eum et ipsum autem. Est qui sunt quis sunt rem. Qui eius ex aut maiores.','2012-05-29 12:32:24'),(345,189,185,'Dolorem quod qui aut fugit a. Provident nam qui repellat earum tempora.','1979-06-11 16:18:58'),(346,190,168,'Quia voluptatem maxime dolores ut. Dignissimos repellendus fugit aliquam id ab voluptas sapiente sunt. Velit quasi adipisci ab dolorem qui pariatur. Recusandae tempora totam beatae dignissimos cupiditate necessitatibus. Molestiae possimus consequatur placeat consequatur voluptatum.','2021-05-14 18:27:37'),(347,191,121,'Incidunt nam perspiciatis quia provident rerum mollitia. Veniam sapiente commodi omnis autem quae ex vel. Quis quo aliquid voluptas vel.','2005-01-07 09:33:31'),(348,193,111,'Quos fuga nisi necessitatibus soluta ut. Omnis ratione adipisci vel quod unde cupiditate quia. Deserunt vero magni et. Et molestias totam magnam.','2019-12-12 05:31:04'),(349,195,144,'Harum sed quo reprehenderit voluptate error voluptas voluptates enim. Rerum veritatis deleniti suscipit saepe et. Quia autem enim sit necessitatibus excepturi enim.','2000-08-25 02:16:17'),(350,196,141,'Et quisquam dolorem aut nisi pariatur voluptatibus. Repellendus reiciendis quo non rem corporis commodi nihil. Eveniet magnam commodi est enim quam laudantium.','2008-04-19 02:29:59'),(351,197,136,'Maiores incidunt totam temporibus rem doloribus. Enim ut nulla ex quasi. Blanditiis quis pariatur cum autem facere sunt doloremque. Consectetur nihil repellat dolorum blanditiis magnam.','2017-06-27 19:31:58'),(352,198,174,'Cumque illum earum sit officia quas delectus. Nam et cum quo nobis quae. Perferendis dolor nulla saepe repudiandae. Unde possimus consequatur aut sunt.','1976-03-22 13:51:48'),(353,1,178,'Deleniti dolorem quia soluta quasi autem. Ut eveniet rerum pariatur quidem illum velit. Modi officiis perspiciatis animi quia necessitatibus. Minus placeat velit voluptas odio rerum quo veniam. Officiis et porro occaecati aut debitis modi voluptatem.','2011-02-21 21:43:28'),(354,101,128,'Dolorum veritatis sit est architecto non minus. Impedit reiciendis quas sit facere praesentium eaque magni. Laudantium dolor rerum illo voluptatem.','2006-11-18 13:54:03'),(355,102,186,'Minima minus fuga inventore excepturi. Dolorem repellendus nemo assumenda rerum fuga. Soluta et tempora doloribus. Placeat tempore dolorum repellat impedit.','1981-11-21 16:37:41'),(356,103,127,'Officia maiores dolorem est. Voluptatibus magnam expedita blanditiis quaerat temporibus odio qui.','1983-03-17 16:27:22'),(357,104,127,'Quas doloribus dignissimos alias modi enim temporibus. Dolores enim vel eaque autem odio qui. Qui est aliquid commodi facilis.','2019-11-29 16:27:34'),(358,105,118,'Molestias totam qui facilis sunt sequi iste. Voluptas incidunt libero qui. Aliquid sunt et ad voluptatem omnis. Et non sed deserunt praesentium quia molestiae dicta.','1970-01-18 13:49:42'),(359,106,115,'Harum aspernatur numquam sequi. Sequi sunt nihil vero enim sit. Neque et quisquam numquam sit voluptatibus sit.','2003-07-16 13:50:35'),(360,108,136,'Pariatur et et ut porro eum sit officiis. Quidem doloremque excepturi praesentium asperiores possimus quia eaque. Maxime culpa et corporis eum unde non neque blanditiis.','1979-08-02 06:04:52'),(361,111,1,'Cum numquam itaque accusantium et praesentium rerum. Culpa aut debitis fugiat exercitationem itaque. Qui unde natus et velit et quas accusantium.','2006-09-19 11:31:38'),(362,115,135,'Enim et minima neque amet id. Sapiente est autem sequi sed qui. Et doloribus mollitia aut asperiores.','1979-03-23 14:26:38'),(363,116,185,'Ad impedit quisquam perferendis incidunt vero. Quis maiores tenetur aliquid et. Illum ad voluptatem doloribus amet expedita. In modi incidunt ullam unde ut quibusdam enim consectetur.','1994-07-25 17:18:14'),(364,117,196,'Ut porro in voluptatem incidunt ea at architecto enim. Ut at sit voluptates est aut. Sed dolores aut enim atque. Nam omnis optio voluptas minus.','1991-06-10 11:10:36'),(365,118,121,'Ut reiciendis commodi nihil id eum et. Nam vitae voluptatum repellat asperiores. Id delectus doloremque reiciendis in quasi. Officia repellat qui eos quisquam cumque ullam nemo.','2000-08-04 06:34:37'),(366,120,197,'Quasi corrupti voluptates et animi. Ipsa aut nihil minima laudantium fuga.','2004-01-16 05:12:29'),(367,121,180,'Sequi beatae eaque nemo qui et voluptas harum pariatur. Temporibus sint qui vitae et esse. Fugiat eos earum ipsam culpa qui et et. Dolor perferendis blanditiis ut.','1993-07-22 15:46:37'),(368,122,186,'Quisquam aut qui veniam vel minus. Voluptas qui mollitia ut ullam. Molestiae doloribus quis eum rem exercitationem. Repellendus est magni ut nulla commodi repellendus.','2009-03-14 07:16:47'),(369,123,141,'Dignissimos praesentium hic sunt. Eum commodi ut qui sit labore porro fugiat. Totam voluptates ea voluptatibus ex hic modi.','1991-12-22 03:21:24'),(370,125,123,'Qui quis sit esse tenetur debitis. Qui quia similique consequatur debitis. Sit sit qui eaque itaque aut voluptas ipsam et.','2011-11-19 13:28:28'),(371,127,135,'Repudiandae soluta aspernatur voluptatem nesciunt ut. Fugit quam est voluptas aut esse dolor distinctio animi. Eligendi consequatur sapiente a minus voluptas nihil architecto. Quo et eius tempore.','1987-08-31 01:57:34'),(372,128,182,'At omnis iusto dolorum beatae laboriosam consequatur. Eos eos velit recusandae unde quidem nihil ut.','2004-04-30 02:06:06'),(373,129,121,'Nihil eligendi vel qui aut illo repellat ut harum. Ea asperiores saepe distinctio quo eum a iusto. Et deserunt quae reiciendis. Eius a ducimus quisquam amet. Consequatur eveniet pariatur neque aperiam est magni repudiandae.','2011-11-16 08:32:14'),(374,131,148,'Rem voluptates esse eum reprehenderit pariatur animi. Nam commodi dignissimos molestiae dolorum et pariatur veritatis temporibus. Velit doloribus beatae voluptatibus voluptatem consequatur. Officiis nam exercitationem ut adipisci sed quos est.','2010-03-23 10:14:46'),(375,133,196,'Ut et minima eius quae. Reprehenderit porro delectus praesentium. A sint consequatur harum omnis sed. Itaque explicabo doloribus ea minima illum laudantium.','2001-04-14 23:28:09'),(376,134,181,'Aut et corporis ex natus perferendis blanditiis unde. Ducimus fuga suscipit sed harum vel rerum. Iusto quis temporibus odit.','1978-08-18 20:50:51'),(377,135,106,'Qui tenetur veritatis necessitatibus accusamus. Ipsam aperiam aut asperiores recusandae eum dolorum porro. Et sit excepturi aut dolore. Nam fugiat sequi omnis omnis rem.','1988-12-20 21:40:34'),(378,136,121,'Tenetur placeat qui possimus quia. Ea ducimus modi quod. Maiores quasi ut dolor temporibus.','2003-08-30 18:12:35'),(379,137,155,'Voluptatum et aut molestiae aliquid. Quos velit porro voluptas sit omnis libero enim. Ea eius pariatur cumque beatae id.','2002-03-13 14:55:46'),(380,140,131,'Totam omnis sint autem sit quas eius voluptas. Vel quia dolorum repellat consequatur autem delectus error illo. Vel cumque autem ut suscipit fuga.','1984-03-25 12:24:38'),(381,141,125,'Ut quis facere enim beatae necessitatibus. Odio ut est porro laborum dicta illum. Facere corporis totam accusantium. Autem repudiandae qui rerum ut molestias dolore quia.','1980-08-18 04:58:50'),(382,142,167,'Eum fugit et aut nostrum aut quasi. Quia voluptas culpa minima natus. Voluptates qui enim molestiae aut eligendi et. Sit corporis adipisci accusamus esse est.','1997-12-09 13:05:15'),(383,144,179,'Odio nisi tempora libero perferendis odit dolorem. Ut quas sequi aut. Asperiores dolorem placeat error unde molestias. Itaque tempora perferendis omnis aut.','1983-03-27 04:46:38'),(384,148,175,'Consectetur recusandae consequatur nulla quae numquam quo. Asperiores voluptatum esse placeat mollitia. Et ipsum odio culpa ipsa. Ut ea mollitia tenetur velit molestias dignissimos.','1994-01-22 17:30:18'),(385,152,153,'Asperiores occaecati dolore quia quaerat cumque ipsum. Est dolores alias placeat impedit qui alias aut.','2008-01-16 02:28:46'),(386,153,186,'Rem at sed mollitia vel necessitatibus dolore ut consequatur. Qui cum pariatur delectus dolore non. Qui et alias corporis sequi quia.','2017-06-17 19:32:11'),(387,154,156,'Unde delectus repellat id. Omnis dolorem rerum cumque. Qui enim veritatis sit aut consequatur quia voluptatem. Rerum excepturi id inventore ut sunt dolores voluptatem.','1984-06-17 01:50:24'),(388,155,125,'Sit ea provident rem vel laboriosam rerum aut. Ipsa ea quis voluptatem veritatis rerum non atque. Possimus quia numquam delectus labore. Vitae nemo rerum mollitia delectus vel est sit.','1982-04-17 12:03:58'),(389,156,140,'Voluptatem nulla quis quidem nemo. Illo sed ut et est ut.','1982-05-20 17:52:32'),(390,157,105,'Nobis ut est sed incidunt repudiandae. Odit tenetur id dolore sint officia. Dolores ipsa optio sequi enim est. Natus consequuntur et sit rem nam laboriosam.','1998-12-31 13:09:14'),(391,161,117,'Nam harum ut sed cum quidem rem. Itaque cumque maiores et voluptate. Ut esse quaerat debitis quia quo eum corporis.','1991-12-30 06:16:29'),(392,162,1,'Qui ad similique ut laborum aut. Alias eius unde corporis voluptates aut quia sequi. Similique quaerat in voluptatem quam eius. Ut sit est voluptatem quia assumenda ut.','1985-10-29 12:05:38'),(393,163,155,'Temporibus voluptas dolores quas. Odio in neque vero sit quia eaque tenetur. Est eveniet minima voluptatem nihil. Optio officiis non excepturi cumque facilis ut laborum quia.','2011-07-01 07:23:43'),(394,165,135,'Doloremque veritatis nesciunt similique voluptate ut. Hic et dignissimos vero velit ab deleniti. Ipsam a ut porro eius et nemo.','1996-10-02 17:21:20'),(395,166,125,'Architecto id iusto id aliquam facere veniam vel quis. Ipsam eum voluptas hic autem aliquam eos quas. At nemo rerum quam aspernatur.','1999-05-16 10:30:58'),(396,167,133,'Voluptates et veniam incidunt nesciunt suscipit. Sequi maiores autem doloribus minima dolorum. Similique debitis maiores laudantium voluptas laborum consequatur nihil aut.','2011-08-27 05:11:52'),(397,168,165,'Modi totam quas laudantium. Sunt occaecati illum voluptate quis et aspernatur. Sed qui impedit dolore maiores.','1978-04-28 16:05:42'),(398,174,148,'Dicta voluptas saepe rerum iure nihil repellendus iusto. Consequatur suscipit voluptatem dolorem et. Dolorum voluptas reprehenderit quia totam debitis. Voluptas similique nam odio. Iste perferendis dicta tenetur nemo eos aliquam veritatis.','2003-11-15 01:56:10'),(399,175,191,'Blanditiis omnis minima consequuntur cum. Corporis quod dicta velit rerum. Aut voluptas maiores voluptatibus incidunt et voluptatem ab. Vitae architecto aspernatur provident eaque dolor placeat.','2008-06-16 00:33:38'),(400,178,156,'Alias velit autem officia quos accusamus. Aspernatur alias quam ut quia. Nulla dolore et molestiae voluptatibus. Ipsum quia ea rerum ad.','1983-10-24 11:56:57'),(401,179,191,'Nihil velit dolor suscipit possimus qui fugiat. Ut non ipsa rerum accusantium quia est consequatur dicta. Sint libero aut suscipit omnis velit dolore.','1985-10-02 04:20:20'),(402,180,115,'Quia mollitia quis odio earum sint atque. Et vel quibusdam dolores fugiat architecto. Placeat quae quam perspiciatis iste enim. Asperiores dignissimos ea quae nihil est aliquam.','2015-10-03 16:39:15'),(403,181,180,'Ipsum vitae quibusdam voluptatum. Perferendis molestiae molestias vitae magnam. Magni dolores consequatur ipsam est. Similique non dignissimos consequatur.','2015-10-08 13:49:16'),(404,182,131,'Nesciunt dolore esse officiis voluptatem quas aut. Non est quia necessitatibus sequi nulla voluptatem. Molestias quod ut voluptatem asperiores.','2019-10-25 11:53:12'),(405,183,120,'Voluptatem magni odit corrupti quibusdam voluptate aliquam. Et qui perferendis cumque quia pariatur voluptas. Similique suscipit dignissimos occaecati non tempora. Harum ut ea rerum esse ut.','1995-03-14 08:04:03'),(406,185,178,'Ut veritatis est dolorem. Eum aut temporibus et sint molestiae sed voluptatem. Aut ducimus qui fugiat cupiditate ipsum voluptate quo perferendis. Expedita labore deleniti quo.','2005-01-22 14:36:46'),(407,186,178,'Sequi voluptatibus expedita nihil quae similique sunt consequatur. Est aspernatur non expedita harum in sint hic. Iusto velit consequatur aliquam rerum est quam est.','1978-09-03 17:48:40'),(408,189,102,'Distinctio officiis sed et qui eligendi voluptatibus eaque. Et cumque inventore nesciunt fuga. Repellendus quibusdam quia consequatur aperiam quisquam. Laudantium dolores sit fugit ipsum reprehenderit fugit.','2020-09-27 14:04:36'),(409,190,134,'Omnis ut deleniti unde porro debitis. Magni veritatis eos aut voluptatem repellendus quia. Ex nostrum cupiditate aut nostrum quas et.','1974-02-17 20:00:23'),(410,191,196,'Et labore sequi laborum exercitationem cum. Ducimus voluptatem dolorem nihil.','1994-06-02 07:03:15'),(411,193,127,'Minus ut voluptates et sed. Voluptas optio nam inventore eligendi eos unde. Odio aut iste quis tempora quam blanditiis dicta. Nobis ullam sed consequatur.','1997-01-15 01:05:15'),(412,195,136,'Deleniti maxime aliquid eos iusto. Et a autem fugiat. Reiciendis aut placeat quia sit nam recusandae aliquid.','2011-10-04 21:31:37'),(413,196,105,'Vel error dolore qui quisquam. Rem eaque qui fugiat dolorum iusto et aut. Ut perferendis qui fugiat quos.','2020-01-16 11:48:16'),(414,197,115,'Est vero reprehenderit necessitatibus et autem illo et. Sequi sed eveniet similique. Illo ut quibusdam facere saepe ut.','1981-09-20 05:48:52'),(415,198,103,'Quas non eius nemo occaecati non consectetur. Suscipit aperiam voluptatum explicabo quia alias animi. Soluta dicta non animi quis.','1995-05-20 09:50:02'),(416,1,180,'Non omnis nihil iure sed. Doloribus inventore exercitationem excepturi enim deserunt.','1997-07-01 02:39:37'),(417,101,182,'Qui id quibusdam et id. Praesentium totam incidunt laboriosam perspiciatis. Esse odio dolores recusandae incidunt labore. Culpa quas cum recusandae at voluptatem.','2020-03-17 09:14:52'),(418,102,154,'Ipsum rerum doloribus tenetur dolor quos ut asperiores quis. Aliquid incidunt id voluptate consequatur dolorem sequi necessitatibus. Aut nam dolor labore in non blanditiis ad.','2019-05-05 10:00:51'),(419,103,186,'Ratione et nihil molestiae sequi qui quisquam impedit. Aut non ut molestiae. Magni minima dicta aut deleniti libero facere.','1974-07-11 06:53:01'),(420,104,186,'Quia esse et et sed velit nobis. Repellendus qui ex quas fuga. Dolores minus et aut inventore cumque. Consectetur rerum et ullam error accusamus quia optio.','1990-01-21 03:36:11'),(421,105,183,'Ipsum esse et laborum ab quo in. Eaque et occaecati impedit similique reprehenderit vel. Nisi sit quasi pariatur iusto vel tenetur.','1985-03-01 12:19:15'),(422,106,108,'Aut beatae nam illum aspernatur aut dolore soluta. Hic sint itaque dicta maxime. Recusandae repellendus accusantium est consequuntur odio. Excepturi deserunt et porro vitae aliquam illo iusto autem.','1987-05-11 13:16:58'),(423,108,133,'Officiis laborum ex dolorem. Voluptate qui odio et officia magni nam. Ut hic mollitia ex ut quo est beatae aut.','1975-08-04 00:46:02'),(424,111,157,'Sunt alias molestias recusandae quas sit aspernatur alias. Doloribus ut sint delectus provident. Natus praesentium aut iusto reprehenderit placeat. Ex assumenda laboriosam et vel doloribus optio. Earum aperiam nulla mollitia quo nisi sit enim.','1979-01-31 13:35:24'),(425,115,122,'Eos voluptatibus consectetur eveniet vitae sed aut labore. Tenetur tempore dolores est totam sunt. Mollitia autem dolorem perspiciatis.','1971-10-06 18:18:33'),(426,116,162,'Est eligendi dolores corrupti a aspernatur veritatis. Quia dignissimos et maxime fugit.','1991-12-07 22:53:27'),(427,117,198,'Pariatur eligendi doloremque consequatur quisquam molestias dolorem. Facere eveniet ad cumque itaque. Consequatur quo omnis nostrum occaecati soluta recusandae.','2015-09-03 13:12:15'),(428,118,148,'Iste nostrum eligendi et dolores molestiae reprehenderit. Harum ut similique voluptatem autem quidem qui. Et consectetur porro necessitatibus consequatur qui. Fugiat quaerat laudantium minima voluptatem veniam vitae beatae.','1987-10-05 19:36:26'),(429,120,103,'Necessitatibus natus provident quam consequatur. Molestias accusantium temporibus voluptas sed reiciendis omnis. Eos id adipisci ut dolores error et quod.','2015-07-19 10:55:10'),(430,121,116,'Est provident officia non deserunt distinctio quae aut. Cumque debitis commodi rerum qui perferendis a. Aut alias harum beatae numquam.','2010-03-18 05:18:31'),(431,122,142,'Ipsam dolorem est incidunt repellat fugiat provident. Ut sapiente commodi sit cupiditate nam cumque exercitationem. Inventore ut quod nobis earum tenetur. Eum inventore quisquam voluptas aspernatur sapiente nihil nihil. Suscipit est odio et ipsum qui et.','2016-10-29 02:11:16'),(432,123,166,'Nulla ut possimus et explicabo facere reiciendis. Magnam consequatur inventore culpa quam sunt atque ab. Eos ea accusamus autem sunt. Occaecati cum doloremque officiis.','2010-06-29 07:38:15'),(433,125,101,'Et natus ea voluptatibus aliquid odio at eaque. Et dolorem consequatur vitae aut veritatis nihil nisi. Fugiat quia numquam impedit et et. Quasi sint accusantium velit quia similique.','2012-04-29 01:37:57'),(434,127,182,'Sint fugit aspernatur distinctio nobis velit dicta porro in. Sunt quae qui culpa odit. Doloribus maiores quibusdam consequuntur assumenda. Explicabo rerum minus molestias. Aut perferendis a voluptatem quis ea eligendi non.','1991-10-15 02:48:14'),(435,128,156,'Reiciendis enim iure quaerat doloribus. Laborum sed optio laudantium nemo. Et sed illo qui velit mollitia eius quia accusamus.','1976-06-06 03:24:10'),(436,129,157,'Id nam ipsum sed nihil fuga numquam. Pariatur reiciendis dolorem nihil tenetur. Rem id impedit architecto quas.','2010-01-09 22:14:23'),(437,131,168,'Dolor est sed vitae non est eligendi architecto. Hic est iusto fuga doloremque accusantium ut aut. Pariatur molestiae est consectetur nam enim commodi ut. Ut ut assumenda aliquid nostrum pariatur consequatur vel.','2016-08-08 06:32:09'),(438,133,102,'Excepturi voluptatibus eum facilis veniam ut qui rem. Est iusto non maxime consequatur. Repudiandae explicabo voluptatem sit quae doloribus a nesciunt expedita.','1970-10-09 16:29:27'),(439,134,182,'Praesentium exercitationem rerum quod aliquam voluptatem. Libero aut qui beatae dignissimos. Laborum labore consequuntur dolor eveniet dolorum et. Iure quis possimus vel sed.','1988-05-12 00:18:00'),(440,135,137,'Culpa eos dolorum iste beatae quis. Accusantium et omnis enim distinctio ut dolor. Reiciendis consequatur soluta explicabo officia. Non non quidem non laudantium sint voluptatem ratione rem.','1978-01-08 00:12:39'),(441,136,108,'Fuga officiis quidem tenetur reprehenderit. Quidem debitis illo vel reprehenderit iste aperiam repellat velit. Ea velit id exercitationem sit voluptatum repellat maxime. Perferendis repudiandae quibusdam rem molestias harum iusto.','2002-06-29 20:20:32'),(442,137,191,'Et eveniet odio placeat voluptatibus. Atque quis et hic omnis. Suscipit illum iure qui aliquid. Quia molestiae et quis. Ut dolor vel eligendi dolores nobis est.','1972-01-04 17:46:49'),(443,140,104,'Nostrum similique quis voluptates eveniet unde et voluptas. Dolore repudiandae ipsam accusantium distinctio enim soluta. Assumenda quia quaerat sit odio odit totam. Asperiores et a odio numquam.','2019-07-09 21:08:23'),(444,141,116,'Velit distinctio laborum labore eius aperiam dolor velit. Dolores facere est accusantium asperiores voluptatem molestias. Quae animi voluptate ut qui eligendi iste veniam. Libero dolores amet ut qui fugit temporibus. Aut ut dolor enim ipsa totam consequatur ipsum accusantium.','1986-08-24 15:26:26'),(445,142,142,'Sed dolor excepturi corrupti. Aliquam sequi necessitatibus et est quo nam quo. Nemo maxime a quo eos ad perferendis. Quisquam non qui ut sunt.','1973-04-07 22:44:21'),(446,144,120,'Necessitatibus omnis magnam corporis nesciunt soluta. Facilis ea sed ullam velit iusto iusto. Et aut nemo error debitis rerum assumenda laudantium.','1977-05-15 01:12:14'),(447,148,133,'Quis ad sit veniam autem rerum laborum consequatur. Adipisci dolores molestias autem non quia et nostrum est. Odio laboriosam repellendus ut quis possimus. Eaque voluptate molestias sit.','1997-04-05 19:36:47'),(448,152,135,'Neque eos dicta autem optio distinctio. Minima voluptatibus optio sit. Nisi ducimus repellendus id dignissimos sint aut dolor cum.','1983-11-26 02:40:24'),(449,153,115,'Reiciendis explicabo omnis eos quo saepe. Sapiente praesentium maxime dicta neque amet voluptas illo. Sed excepturi dolorum cum reprehenderit veniam. Vero ea aut autem omnis iste.','2013-08-09 03:08:44'),(450,154,121,'Ipsum et quos ut voluptatum. Recusandae veritatis tempore voluptatem provident.','2019-09-23 03:26:06'),(451,155,198,'Rerum asperiores excepturi aut exercitationem laudantium sed aliquid. Sint dolor recusandae tempore fugiat sit minima reiciendis sit. Ab ut inventore expedita laudantium. Iusto est autem sed eaque unde delectus. Maxime ut ab nulla eos sit.','1980-01-28 14:51:24'),(452,156,196,'Non qui est fuga eum non. Iste exercitationem numquam esse voluptatem nam dolores. Mollitia quisquam provident debitis quo. Reiciendis earum vitae facilis rem et sapiente.','2018-09-11 11:53:52'),(453,157,141,'Aut reprehenderit est quis distinctio voluptas. Nihil ad nesciunt pariatur non. Consequatur officia reiciendis repellat blanditiis deserunt delectus adipisci. Dolorem iste dolor qui voluptatem voluptatem ut. Beatae sint nostrum quibusdam commodi quia porro.','1995-11-10 18:14:40'),(454,161,136,'Voluptatem consequuntur laboriosam voluptas ut ullam blanditiis ut. Est et dolorem sed dignissimos atque et. Sequi sunt libero eum earum aperiam ratione non.','1985-03-03 05:37:48'),(455,162,163,'Officia laborum recusandae et pariatur nostrum non. Tempore consequatur corporis in sed ipsa architecto. Est sit aut magnam rerum nobis voluptatem.','2014-12-18 21:21:03'),(456,163,102,'Quia totam distinctio adipisci aut omnis aspernatur eum. Quo impedit et eius necessitatibus beatae. Aliquid fugiat necessitatibus aut et et delectus. Distinctio atque sit sequi quo omnis nihil consequatur mollitia.','1975-01-18 08:50:17'),(457,165,153,'Cumque dolores officiis et repellendus perspiciatis repudiandae. Tempore quo ullam aut officiis voluptatem. Et voluptas deserunt et corporis autem dicta ratione.','1978-09-27 10:20:05'),(458,166,174,'Voluptas nihil id maiores perspiciatis. Quis ut fugiat vero praesentium ullam quidem sed. Sequi nihil perferendis eveniet asperiores temporibus consequatur laborum.','1970-04-22 11:37:34'),(459,167,186,'Deserunt facilis repellendus natus corrupti ut aut vitae quos. Vel qui modi quo temporibus itaque laudantium earum. In rerum ut qui consequatur. Et dolorum quas ut vitae fuga et voluptatem.','1977-11-11 18:08:20'),(460,168,155,'Doloribus voluptatem sequi repellendus quasi. Ullam aut rerum voluptates est ipsa ratione. Eum ratione temporibus aut.','2001-02-12 07:16:47'),(461,174,136,'Quis incidunt non quos assumenda porro quaerat atque placeat. Architecto temporibus debitis magnam vel natus iste ipsum. Natus quas rerum et officiis. Placeat earum sequi sed fugiat non corrupti.','1972-10-18 16:15:07'),(462,175,118,'Consequuntur omnis est assumenda dolores et veniam. Quis quos praesentium omnis velit sequi fuga sint. Porro minus consequuntur voluptatem qui laboriosam sint inventore. Est molestiae possimus ad aut.','2015-09-01 05:13:56'),(463,178,157,'Facilis eaque beatae animi recusandae aut. Error enim quo labore quaerat. Odio perspiciatis laboriosam aliquam maxime qui.','1981-04-29 07:40:16'),(464,179,106,'Eum nihil vero blanditiis soluta voluptatem. Sapiente voluptatem aut enim voluptatem ex. Doloribus commodi occaecati error odit id reiciendis quisquam eveniet. Quia accusantium explicabo ex sunt consequatur et commodi.','1980-02-15 05:08:19'),(465,180,190,'Alias numquam est nostrum sunt molestias. Sed vitae deserunt et ipsa laborum soluta vel. Culpa unde minima omnis velit omnis totam. Iste amet omnis ipsa distinctio.','1973-05-18 12:56:34'),(466,181,161,'Ullam neque repudiandae et est et. Maiores distinctio molestias culpa similique quis est. Consequatur dignissimos nesciunt nisi neque sit non consequatur. Laudantium suscipit aut minus voluptatem aspernatur.','2018-09-09 21:14:55'),(467,182,120,'Esse omnis eaque voluptas ullam labore ut quia. Vel qui reprehenderit eum quia. Vitae impedit voluptate ut nisi quae sit. A provident repellat voluptatem reiciendis quod et.','2001-08-09 10:47:16'),(468,183,178,'Ut ipsa exercitationem recusandae. Dolores earum repudiandae voluptatem inventore porro iure et. Quae harum odit nihil doloribus.','1989-05-05 15:57:24'),(469,185,157,'Aspernatur repudiandae illo vel molestiae itaque quia. Eum est magni reiciendis accusantium. Praesentium sit ipsum repellendus minima qui qui. Ea hic corporis libero pariatur velit aut iusto.','1992-09-19 07:47:34'),(470,186,179,'Voluptas et laboriosam fugiat. Deserunt reprehenderit est aut vel et ullam expedita. Voluptatum ea ea quis accusantium tempore deleniti. Ut vero reiciendis distinctio ut eum.','1971-02-24 13:02:25'),(471,189,193,'Placeat eum voluptatum quis molestiae. Nihil rerum ratione nulla aut. Qui suscipit amet aut recusandae nihil.','1981-08-31 21:09:06'),(472,190,196,'Officia maiores in qui sint non dignissimos incidunt. Consequuntur eos maxime quod voluptates delectus at magni. Voluptatem ducimus consequatur sunt libero et sequi dignissimos veniam.','1974-05-02 20:25:49'),(473,191,179,'Quo quod vel perspiciatis ex accusantium ut. Laudantium earum illum et quisquam.','1984-12-12 17:44:57'),(474,193,123,'Temporibus et ut incidunt. Recusandae ut consequatur ut labore et quis quia.','2017-01-19 21:58:30'),(475,195,166,'Ipsam et harum consequatur quidem voluptatem. Impedit voluptas voluptates rerum blanditiis optio. Facere placeat sit architecto ut tenetur dolores. Dolor qui molestiae quas.','2019-03-05 05:08:46'),(476,196,103,'Maxime facilis recusandae amet. Ratione iste ex reprehenderit dolore perspiciatis consequuntur sequi. Omnis sequi et praesentium architecto ipsa quas.','1999-10-29 01:18:40'),(477,197,131,'Maiores quia rerum et perferendis sit qui. Occaecati cum qui et omnis ipsam sint quaerat. Est consequatur dolorem laudantium nihil id illo et.','1976-02-19 10:26:47'),(478,198,128,'Maiores vitae asperiores laudantium ut aut. Adipisci vel unde saepe. Necessitatibus unde fugit quia delectus veritatis. Odio qui impedit molestias dignissimos accusamus odio voluptatem ab.','2019-12-29 22:08:47'),(479,1,108,'Praesentium vel sed sed voluptas sit blanditiis. Eaque fuga officia eligendi sit. Est aut praesentium ad ab sit animi sed.','2003-02-06 18:26:58'),(480,101,155,'Consequatur reprehenderit quae quas perferendis atque iure molestiae. Sunt sed repellendus quia aperiam. Beatae et vel eligendi est architecto. Distinctio culpa qui placeat est.','2011-05-08 17:12:54'),(481,102,134,'Modi aut maiores sapiente omnis libero qui corrupti. Ducimus animi aperiam cum cumque. Esse voluptatum nulla aut a quaerat.','2007-02-28 01:32:37'),(482,103,142,'Tempora id ex sunt ut quaerat. Enim veritatis adipisci rerum omnis. Doloremque nihil quia assumenda ea. Maiores ut ullam molestias placeat ut.','1986-08-13 23:39:55'),(483,104,163,'Vel libero provident hic ratione. Ut modi et ut tempore quas. Aut nostrum et sunt distinctio. Rerum commodi quod dolore sed.','2008-10-25 21:22:52'),(484,105,115,'Dolores consequatur et culpa sit. Qui repellat omnis ratione voluptas porro ad. Voluptates vitae ex eum excepturi suscipit. Officia aut vero sit tempora quisquam commodi.','1972-12-19 16:51:48'),(485,106,142,'Quas id qui debitis corporis consequatur commodi. Voluptas laboriosam eius illo doloremque. Ratione qui sint saepe molestias ipsa id.','1998-08-29 15:11:07'),(486,108,103,'Dolorum magnam cum perspiciatis nobis omnis quae voluptatum voluptatibus. Doloribus laboriosam quo tenetur eveniet. Mollitia sit vitae blanditiis et in possimus. Sint voluptatem qui impedit iste ut.','2018-08-21 00:02:14'),(487,111,165,'Nemo quo saepe ut porro velit maxime voluptatem omnis. Nesciunt dolore sint repudiandae harum et quibusdam facilis ipsa. Quis qui temporibus qui nulla libero quia. Dolores et quia reprehenderit ipsum commodi nostrum illo.','1991-06-17 04:50:02'),(488,115,167,'Ex voluptatibus est quia et quas. A est qui id rerum non. Ut ut quam ullam aut consequatur. Eos molestiae consequatur odit est quis laboriosam in velit.','1971-12-12 17:25:37'),(489,116,197,'Aperiam reprehenderit omnis sunt deleniti. Aut quis animi occaecati labore aperiam. Sint tempora similique officia repudiandae cumque mollitia. Deserunt aut at quis qui laborum.','1973-04-29 17:05:43'),(490,117,162,'Autem voluptas dolor ipsum voluptas. Qui inventore pariatur quam quod est. Officia quae ipsum ut consectetur ut harum tempore. Culpa suscipit aliquam neque maiores blanditiis debitis cum. Tempora eum id quas molestiae ullam dolore impedit.','2013-05-05 22:17:16'),(491,118,118,'Fuga ut illum tempora consequatur et fugiat veritatis dolorem. Sit a dolore porro officiis sit voluptatem. Ea hic at laboriosam est sequi.','2018-10-29 01:44:47'),(492,120,104,'Maxime est ex repudiandae voluptate consequatur. Explicabo qui esse omnis aliquid tenetur expedita. Nostrum sit voluptas fugiat culpa nihil. Molestiae sapiente incidunt incidunt illo aliquam. Est voluptatem quas quo voluptatem ut iste.','1990-02-14 23:18:12'),(493,121,191,'Porro consequatur ex temporibus rerum. Sint sed repudiandae sed sit ut. Inventore illo aut quia vero error totam. Reprehenderit natus consequatur enim illo vel ut.','1974-06-06 10:25:21'),(494,122,118,'Et explicabo hic reiciendis non doloremque magni aperiam debitis. Laboriosam ea corrupti amet totam facilis ea est. Cum ut at aut in itaque repellat.','1984-06-24 11:26:57'),(495,123,116,'Quaerat nihil maxime facilis. Vitae eos commodi et ea explicabo. Ut rerum iure pariatur ad consequatur.','1976-09-11 12:48:20'),(496,125,135,'Rerum doloremque aliquam similique voluptas autem qui aut doloribus. Tempora aliquam eos voluptas.','2008-07-02 21:51:38'),(497,127,161,'Sint porro rerum quaerat id non quos voluptatum. Quaerat harum reiciendis ipsam recusandae aliquid eaque. A nihil velit repellendus est consequatur.','2014-10-15 16:11:26'),(498,128,163,'Ad sunt odio ab enim rerum voluptate. Unde ex et pariatur vitae. Quod ratione sunt repellat deserunt earum officia.','1976-10-30 09:36:41'),(499,129,117,'Officiis distinctio sequi sed dolores ut necessitatibus et aut. Recusandae deleniti nihil sapiente labore. Dolore molestiae est repellendus sit ut.','2019-04-20 09:51:35'),(500,131,116,'Sunt consectetur voluptate perferendis deserunt. Consequuntur itaque beatae cupiditate aliquam ex voluptates sed. Qui cum nam sed non voluptatem odio dicta. Aut ut facilis quam. Sed tempora reprehenderit sit quis neque enim et deleniti.','2005-02-10 08:54:05'),(501,133,185,'Impedit sed et alias quis fuga enim ut. Nam omnis saepe tempora doloremque ipsum unde et. Tempore rerum distinctio veritatis unde saepe.','2018-09-24 05:16:47'),(502,134,193,'Eius neque suscipit omnis tempora voluptates ipsum quam. Aliquid porro doloremque repellat beatae ea qui blanditiis. Vitae fuga blanditiis exercitationem quasi harum quia error sint.','1976-11-14 02:16:11'),(503,135,196,'Cumque consequuntur deserunt omnis cupiditate. Numquam itaque quo fuga blanditiis in. Mollitia vel enim nisi voluptates repellat voluptate libero. Voluptatem eum pariatur ut rerum tempore autem.','2018-06-23 19:45:47'),(504,136,142,'Reiciendis assumenda libero nulla alias provident necessitatibus. Sapiente deleniti aut accusamus qui. Doloremque et velit omnis unde.','2009-01-18 01:43:07'),(505,137,148,'Enim minus debitis in. Dolorum ipsam ea dolor fugiat ut. Delectus exercitationem sunt cum magni aspernatur.','1994-06-21 20:21:46'),(506,140,190,'Eveniet incidunt aut aut. Minus et amet enim animi. Ipsa provident dolores ipsam accusamus provident. Enim et tempore corporis magni.','2012-06-27 04:27:11'),(507,141,123,'Ut cupiditate non sequi rerum itaque maxime. Nulla explicabo est minus. Eos repudiandae minus ducimus qui et. Consequuntur aut et itaque dignissimos libero libero.','2017-06-20 20:53:12'),(508,142,142,'Non et qui aut et dolores et eius. Placeat veritatis deleniti magni minus vitae. Quia sunt quidem quasi cum et qui. Omnis quia illum similique est tempore labore suscipit.','2015-04-08 21:32:57'),(509,144,157,'Qui dolorum voluptas quidem qui. Aut aperiam perspiciatis magni dolorum. Veniam qui inventore ipsa laboriosam aut.','2001-11-06 04:43:03'),(510,148,153,'Ut vel incidunt excepturi voluptas. Magni culpa sapiente saepe. Qui ut pariatur esse. Molestiae iste dolor numquam voluptatibus necessitatibus autem.','1970-08-16 12:14:50'),(511,152,197,'Dolorum culpa est eaque exercitationem recusandae minus. Saepe voluptas deleniti eligendi dolores officiis. Est neque rerum numquam voluptatem rerum molestias id.','1998-03-10 17:14:56'),(512,153,104,'Dolor delectus odit at quidem quo. Vel delectus eaque qui maiores. Earum dignissimos qui magni necessitatibus voluptatem. Quibusdam itaque suscipit facilis tenetur.','2005-08-21 20:24:01'),(513,154,166,'Adipisci dolorum consequuntur dolor eaque nobis. Sit aut sunt voluptatem qui laudantium consequatur dolores. Vero in ut possimus architecto.','2019-10-10 14:59:18'),(514,155,195,'Animi est dolorem incidunt quasi omnis dolorem. Ullam labore soluta ea atque tempore ut. Tempora esse ullam doloremque qui ea dolores.','1997-01-17 06:51:58'),(515,156,157,'Corporis culpa culpa necessitatibus nobis officia qui ipsum. Aliquid voluptatem rerum vel cupiditate minus. Ut voluptatem cumque voluptatem facilis. Vel sed asperiores magni quaerat sit id.','1997-10-23 11:19:16'),(516,157,161,'Dolor odio consequuntur laboriosam ut similique consequatur dolorum optio. Eveniet laudantium omnis nam. Cumque sint accusantium rem eos qui quibusdam. Laborum ab repellat iste sunt doloremque ex. Et dicta quia ut sit voluptate consequatur rerum aspernatur.','2020-12-06 11:36:25'),(517,161,140,'Sed minima nulla voluptatum impedit. Et omnis sunt quia explicabo. Quas accusamus porro voluptas qui rerum dolorem.','2016-03-20 13:47:14'),(518,162,198,'Doloribus ab sunt labore laboriosam. Doloremque repudiandae error et eveniet. Nesciunt nisi id consequuntur sapiente libero architecto. Asperiores ipsam asperiores aut dolores aut.','2007-05-14 04:02:05'),(519,163,195,'Et molestias aut delectus neque at. Numquam sed adipisci aspernatur. Occaecati iusto aut iure quis. Minima placeat deleniti ea autem. Quidem autem minus sed quaerat.','1985-04-09 14:55:11'),(520,165,193,'Et blanditiis beatae et sit ratione omnis excepturi. Vel facilis cumque quasi molestiae ea. Aliquam neque voluptate nulla aut. Quia nulla esse explicabo laudantium est ut.','1995-11-21 03:04:28'),(521,166,129,'Natus ipsum distinctio cupiditate veritatis. Dolor unde consequuntur cum alias labore. Deserunt nam quos illum quia perferendis. Et odio et sequi magni quod.','1992-02-06 10:12:44'),(522,167,168,'Voluptates adipisci perspiciatis et consequuntur. Eum eius sit ad non harum fuga. Ipsam possimus fuga cum sed aliquid perferendis debitis. Expedita cumque expedita doloribus nobis eum. Eos aut fugit aut veniam non ab dolorem.','2015-08-10 19:33:36'),(523,168,121,'Ut voluptatem expedita voluptatem libero sint in ullam ab. Qui sapiente et sit dolore voluptatem aut.','1983-12-28 09:58:59'),(524,174,185,'Nostrum blanditiis qui inventore fugit qui est. Incidunt rerum et dolorem a ratione ut. Non aut qui qui aut.','1996-06-19 01:01:40'),(525,175,125,'Saepe cupiditate qui alias reiciendis quis. Neque voluptas excepturi et at.','1996-09-18 06:08:19'),(526,178,178,'Voluptatibus omnis asperiores odio labore commodi vel nisi nesciunt. Et mollitia ullam quam beatae et animi expedita.','1999-02-15 15:13:54'),(527,179,118,'Voluptas eius et quas quam est aut eligendi saepe. Quas sed amet voluptas omnis quis pariatur. Nihil et voluptatem autem quis a dolores dolorem temporibus. Ut sequi non dicta explicabo soluta quaerat aut.','2013-05-20 03:51:36'),(528,180,104,'Est asperiores natus quis est ut pariatur ab non. Quidem dolor quasi qui est omnis ea rerum. Quasi impedit est et consequatur. Commodi vel ex nobis sunt molestiae aliquam nisi.','1991-11-18 01:58:06'),(529,181,115,'Quia maxime deserunt iusto debitis perspiciatis commodi soluta. Voluptas dolorum molestias aliquid iusto non soluta. Delectus magni eos sint aperiam.','1991-06-22 02:44:05'),(530,182,197,'Quaerat voluptas recusandae perferendis. Et ipsa a dignissimos debitis. Sequi odit nostrum dolorem voluptatem nihil.','1972-04-23 13:56:58'),(531,183,175,'Nam sit a optio adipisci fuga temporibus qui. Aliquid saepe nobis aspernatur et quia et. Eos illo et qui aut laudantium vero et. At est molestias omnis natus vel suscipit perferendis iste.','1986-03-19 18:33:55'),(532,185,148,'Inventore praesentium voluptatum porro nihil. Cumque suscipit perferendis ut sunt quibusdam sapiente quis debitis. Expedita necessitatibus hic aliquid fugit quam non dolores.','1989-05-21 15:55:40'),(533,186,141,'Delectus laboriosam consequuntur ut dolores eos. Rerum consequuntur mollitia aut repudiandae tempore quibusdam suscipit vitae. Ut earum quae nihil optio delectus aut. Maxime repellat neque perferendis quasi sint ea quisquam.','1996-03-08 02:58:31'),(534,189,116,'Quidem sint perspiciatis laborum enim vitae aspernatur. At commodi id et consectetur. Saepe esse doloremque quia et. Sint architecto eveniet repudiandae odit dolor.','2020-05-22 04:37:37'),(535,190,174,'Sint repellat eos cupiditate aperiam quae officia ut laudantium. Est quaerat consequatur perspiciatis asperiores non neque labore. Totam ipsam voluptas eaque quis aut impedit officiis. Quo et dicta ullam facilis adipisci magni. Aut non incidunt illum ad sequi perferendis eaque natus.','2012-05-21 03:28:24'),(536,191,185,'Repellat non nemo maxime explicabo ipsum neque possimus minima. Non officia eligendi laborum cupiditate voluptatem impedit recusandae consectetur. Debitis repudiandae dolorum est sed voluptas. Quo nemo iure recusandae dolorem fugit rem libero.','1988-01-12 01:21:18'),(537,193,103,'Quia animi qui voluptatem dolor. Dolores sed et enim veniam culpa. Quas tempora reiciendis consequatur minus.','2008-02-10 17:08:21'),(538,195,129,'Officia debitis culpa ut excepturi dolores quia incidunt nobis. Nobis magnam delectus possimus iste. Sit cum ducimus consequuntur dolor necessitatibus temporibus.','1998-10-16 03:32:15'),(539,196,122,'Amet et id fuga sit laborum est. Impedit doloremque amet est delectus. Dolore accusantium incidunt et quo sed. Magnam minus illum consequatur sit aperiam.','2017-07-05 13:10:13'),(540,197,189,'Molestiae rerum aut perspiciatis minus. Et ex laboriosam corporis illum sed sit. Voluptatem rerum et maxime sint quasi sed voluptas. Nam quia atque ipsum fuga dolores.','2000-04-30 23:56:07'),(541,198,142,'Minus consectetur expedita ut sunt ratione velit et. Expedita sed beatae dolores nisi temporibus officia. Optio voluptate qui ut tempora veniam maxime vero.','2008-04-21 13:01:51'),(542,1,120,'Tempora perspiciatis ullam harum vel. Atque quia ut blanditiis natus. Eum voluptas nobis quia non sequi soluta dolorem. Voluptatum architecto voluptatem et adipisci illum aut ipsa.','2006-09-21 21:33:33'),(543,101,118,'Repudiandae amet excepturi aut necessitatibus eum omnis magni officia. Rerum maiores itaque dolores voluptatem facere quibusdam. Aut ex aspernatur doloribus quas optio.','1998-05-23 04:53:46'),(544,102,127,'Ratione modi ad suscipit magnam. Deserunt velit aliquam dolorem iste accusantium et non. Occaecati praesentium aut ullam non aliquid.','2004-06-04 20:52:48'),(545,103,131,'Aut omnis id consequuntur. Similique amet quaerat quis eligendi inventore itaque quam. Repellendus non qui asperiores magni et.','1986-04-26 20:05:10'),(546,104,117,'Atque qui asperiores dolorem rerum. Ab assumenda magnam qui quis asperiores. Illum ut perspiciatis rerum est.','1998-06-02 06:01:31'),(547,105,136,'Ut recusandae vitae culpa. Ab fuga magnam aut. Consectetur qui earum provident. Veritatis quos molestiae officia.','1978-04-07 22:11:16'),(548,106,182,'Cupiditate sunt ut amet nam. Incidunt id magnam eos. Debitis itaque earum occaecati. Et pariatur corporis et quia sit iusto.','1979-03-07 08:57:39'),(549,108,140,'Consequatur et quae autem est dolores. Non iusto in perferendis sint cum. Itaque sunt ea non eveniet.','2017-12-19 22:03:02'),(550,111,165,'Et dignissimos laudantium voluptatum laudantium vitae iste consectetur ut. Placeat cupiditate corrupti atque voluptatem facilis.','2016-01-08 15:23:34'),(551,115,165,'Occaecati quo autem ut reprehenderit. Similique neque ea tempora consequatur. Eum sed sit ex eos dicta qui repudiandae. Sunt amet adipisci fugiat voluptatum asperiores.','1984-07-05 12:15:01'),(552,116,174,'Possimus nam at soluta tempore harum quisquam accusamus. Voluptatem praesentium ut laudantium. Qui pariatur dolore voluptates quia quibusdam. Voluptate explicabo molestias quis nobis veniam.','2002-04-20 09:33:41'),(553,117,101,'Earum rerum soluta et ipsam. Voluptate libero eum neque consequatur. Sint sed dolorem qui ab commodi quisquam quia est.','1970-04-20 20:50:44'),(554,118,174,'Labore cupiditate ut consequatur sunt est laborum minus quia. Fugit itaque veritatis et voluptates autem aspernatur. Iste ratione nisi odio facere. Dolor sit ea harum sed corrupti.','2014-10-21 21:12:25'),(555,120,161,'Impedit suscipit in nemo nesciunt. Accusamus ullam culpa velit dolores tempore ad repellendus beatae. Et facere alias velit est hic mollitia ipsa.','1978-12-14 13:52:12'),(556,121,102,'Ut adipisci consequatur vel sit quaerat nulla. Doloribus et eum qui autem aliquam et at tenetur. Mollitia fugiat commodi ut eum fugiat voluptate et ipsum. Earum aliquam voluptate enim libero beatae.','1982-02-22 12:02:24'),(557,122,179,'Doloremque occaecati aut omnis dolorum. Cumque iusto blanditiis ab pariatur ea occaecati. Aut et qui omnis rerum id temporibus omnis.','2019-07-04 10:49:15'),(558,123,195,'Quaerat nulla ut maiores aut dolor aut et. Ea neque non sunt rem. Repudiandae consequatur praesentium reiciendis iusto soluta. Voluptatibus omnis fuga ipsam eligendi quaerat temporibus harum.','2019-01-08 06:23:11'),(559,125,153,'Suscipit veritatis rerum quas et recusandae enim assumenda molestiae. Natus omnis asperiores ut ea rerum et. Ex dolor illo omnis quia voluptates officia fugit rerum.','2014-04-14 00:07:10'),(560,127,182,'Exercitationem porro iusto aut. Impedit qui ducimus porro omnis qui. Est non enim pariatur consequuntur voluptatibus. Esse et eaque ut non qui soluta.','2004-01-24 16:01:10'),(561,128,116,'Magni dolorem qui sapiente quaerat eum est nihil. Dolor accusamus quidem dolor et incidunt ad illum. Maiores accusamus dolores nobis facere. Aut cupiditate ut error ratione id.','1988-12-18 19:01:33'),(562,129,141,'Repellat quae repudiandae dignissimos fuga expedita. Nisi quas et voluptas aperiam sapiente esse rem et. Eligendi ratione voluptatem consequatur non et provident.','2011-01-25 01:24:55'),(563,131,142,'In aspernatur sequi voluptatibus nisi. Laborum saepe sed ea non non. Repellat aspernatur laboriosam aperiam ad quibusdam.','2021-06-26 09:42:57'),(564,133,167,'Amet ea quis earum. Dolor quam libero et officiis quia quis. Qui saepe quaerat sequi deleniti commodi aperiam eos.','1975-02-03 20:01:43'),(565,134,117,'Maiores aliquam perferendis omnis qui sunt facere et. Quos eligendi commodi nisi nemo nihil dolor. Dolorem voluptas suscipit et et id qui. Reprehenderit quisquam rerum soluta tempore necessitatibus.','1996-11-05 11:02:45'),(566,135,157,'Harum est omnis consectetur sit. Voluptas quidem quos unde.','1972-05-08 20:06:22'),(567,136,157,'Ea aut qui vitae ad itaque. Est natus qui consequatur fugit molestias aut. Praesentium nam quibusdam dolores ut et ullam.','2020-07-29 04:59:53'),(568,137,141,'Modi et et ad delectus in dolore accusantium. Et repudiandae ea inventore consectetur. In saepe magni ea. Odit mollitia rerum et ut eum quia corrupti.','1979-09-18 11:26:11'),(569,140,103,'Officia distinctio quod officiis minus dolorem. Sint ratione commodi hic corrupti. Possimus animi possimus dignissimos eligendi et accusantium.','1984-02-25 20:17:24'),(570,141,181,'Sequi rerum labore sit consequatur. Perferendis tempora voluptatem ullam culpa iure aut eligendi. Quos natus iusto voluptatem qui. Itaque minima ut ipsam et natus consequatur qui.','1998-04-04 04:53:20'),(571,142,190,'Corrupti voluptatem et nemo iure consequuntur dolore qui. Sapiente ea dolorem quod et. Et maiores quasi consequatur enim cumque unde. Neque voluptates expedita aperiam ut et id ut ea.','2010-03-21 16:52:25'),(572,144,186,'Repudiandae repudiandae non officia. Et fugiat cupiditate iste unde magnam neque. Cumque dicta sit ea aut quas reiciendis omnis.','1989-04-12 19:53:55'),(573,148,162,'Quas fugiat omnis voluptatibus sit. Commodi soluta earum fuga dolor dignissimos. Deleniti numquam earum laborum iste sed ratione. Eum voluptate laborum exercitationem earum molestiae.','1972-06-14 12:58:35'),(574,152,152,'Et deleniti consequatur culpa magni molestiae. Dolorem molestias veniam voluptas vitae velit et. Omnis ad architecto perspiciatis. Aut laudantium porro repellendus excepturi.','1994-08-29 21:36:49'),(575,153,196,'Exercitationem aut inventore rerum fugiat minus ipsum odio. Vitae ab laudantium laborum eum voluptatem eveniet. Accusamus iure mollitia quis. Eos eum quis deserunt aliquam qui non. Totam et facere cupiditate atque.','2017-05-07 01:48:32'),(576,154,197,'Dolor officia placeat fugiat voluptatibus inventore sint. Et qui saepe et velit. Et tenetur consectetur deserunt ut. Fugit et accusantium quis qui est voluptas.','2021-03-01 16:43:39'),(577,155,174,'Reprehenderit qui reiciendis maiores eaque ex porro. Animi alias tempore laudantium necessitatibus quia aut rerum. Qui nulla aperiam aliquam quas ut.','2013-09-24 20:04:14'),(578,156,136,'Id rem sint aliquid in facilis ut. Dolorem itaque deleniti maxime officia iste hic temporibus aperiam. Est ipsum dolores dolor.','2000-06-21 01:36:35'),(579,157,118,'Eum fugiat blanditiis ullam similique hic. Rerum consequatur illo non quod. Nisi consequatur aut debitis necessitatibus et autem. Doloribus vel recusandae consequatur nulla ratione.','1998-07-21 19:28:14'),(580,161,175,'Eos inventore quisquam accusantium sed porro sunt. Harum quia minus voluptatem dolorem debitis quibusdam. Nisi doloremque nam voluptatibus. Nostrum explicabo accusamus eligendi aperiam iusto vitae. Similique facere consectetur officiis eligendi aut quo ab.','2007-01-21 13:11:02'),(581,162,193,'Quos est alias et autem beatae. Aut consectetur esse eveniet aut consequuntur. Amet qui officiis aut. Voluptas repellat voluptatem officia quia voluptates repellat.','2006-05-31 07:35:10'),(582,163,129,'Voluptatum harum odit quia sit sunt neque. Dolore adipisci facilis blanditiis. Ad magni qui mollitia.','2017-10-16 18:04:42'),(583,165,118,'Provident et corporis expedita molestias perferendis quam aut. Error cupiditate fugit distinctio aspernatur. Beatae magni tenetur voluptas odit quas consequuntur est.','2001-01-10 21:48:37'),(584,166,152,'Exercitationem est non inventore incidunt veniam consequatur. Ea consequatur eveniet dolor qui ut voluptas minima cupiditate. Consectetur provident vero delectus ut earum nihil corrupti. Porro qui occaecati nemo et consectetur.','2018-11-08 12:49:27'),(585,167,152,'Totam illum ea consequatur inventore itaque. Molestiae voluptatem ratione exercitationem est. Et ex dolore minus odit sed.','1997-03-09 09:26:20'),(586,168,156,'Aspernatur et deserunt dolorum dignissimos nulla voluptas. Officiis doloremque magnam accusamus enim voluptates saepe incidunt. Esse quia culpa id in quidem. Ex quis labore ab.','1982-08-08 03:29:10'),(587,174,142,'Perferendis quia quia ea nulla sapiente sed ex. Est reprehenderit fugit dolores eos vel cumque. Aut dolores quia nam hic eaque omnis sequi amet. Doloribus et sed dolorum dignissimos nisi ut placeat.','2008-12-29 18:04:12'),(588,175,182,'Modi ducimus ratione laborum eius et. Dolorem nihil et cum fugit fugiat quasi. Deleniti in quidem aut. Tenetur recusandae assumenda incidunt consectetur aut non error.','1987-07-17 07:24:32'),(589,178,186,'Alias aspernatur in cupiditate eum. Eos aliquid ipsum eum beatae impedit dolor ullam. Iusto aperiam autem eveniet. Quae nisi repellendus nisi vel exercitationem.','2015-04-15 09:19:05'),(590,179,128,'Labore iste consequatur tempore reprehenderit reprehenderit et exercitationem accusamus. Tenetur est consequatur molestiae. Est ut suscipit autem et.','2011-07-18 19:18:25'),(591,180,101,'Aut id ut id voluptas nam ratione sequi. Expedita et sed culpa beatae qui porro architecto. Dignissimos nobis dolor et ex. Inventore assumenda quis sed quis hic culpa sit.','1987-12-21 05:28:29'),(592,181,128,'Aut iure consectetur impedit aliquid quas est illum sint. Error unde est autem et voluptatem beatae et quasi. Et non veritatis quaerat ut.','1981-08-28 15:11:13'),(593,182,156,'Sed omnis numquam commodi quo ipsam animi quasi. Velit optio vitae quia dolore. Et est totam minima sed provident. Ut delectus mollitia atque cumque ut cum consectetur.','1992-05-23 16:49:33'),(594,183,116,'Quidem aperiam laudantium voluptatem dolore dolor. Officia iusto quam aperiam perferendis. Omnis sint nostrum natus.','1985-06-12 06:39:54'),(595,185,116,'Consequatur ut quia officia et necessitatibus est. Magni et velit labore non quo reprehenderit error et. Vitae quisquam dolores aperiam. Distinctio nam rerum dolor recusandae molestias aliquam.','1987-02-24 14:36:51'),(596,186,104,'Et sed sint ipsa et totam tenetur. Quo cupiditate consectetur a quia. Ipsam id et qui commodi non ex dignissimos. Est temporibus omnis at velit sunt est dolor molestiae.','1987-06-08 07:24:25'),(597,189,165,'Ut corrupti rerum et. Eveniet qui atque placeat dignissimos voluptas sunt.','1991-07-12 01:42:57'),(598,190,163,'Sed autem quasi vel nulla quam. Voluptatem provident laborum est aliquid fugit voluptatem nihil dicta. Quo quia dolorem et ullam rerum ut nihil dicta.','1984-11-26 07:28:44'),(599,191,135,'Ad omnis ducimus ipsa iure veniam sed nulla occaecati. Laudantium reiciendis accusantium provident veritatis. Aut eos aliquid magni velit aut omnis.','1973-12-04 11:21:23'),(600,193,193,'Voluptatem iure explicabo sunt atque omnis aut ipsum. Et dolore porro corrupti consequatur incidunt molestias. Repellat labore quas quis tenetur.','1989-07-18 11:53:11'),(601,195,127,'Non omnis consequuntur cumque vel animi. Et nobis architecto autem sint repudiandae consequuntur. Consequatur velit consequuntur est voluptatem tempora inventore.','2012-06-19 10:41:48'),(602,196,152,'Quibusdam enim laudantium sit. Labore consequuntur voluptate quisquam facilis. Autem aspernatur laudantium libero dolorem aliquam repellat eos.','2009-04-19 07:50:15'),(603,197,111,'Voluptatem rerum minus cumque qui quas nemo. Esse repudiandae corporis qui placeat pariatur quia. Natus labore et nesciunt molestiae.','2015-07-05 05:13:14'),(604,198,156,'Aut fuga sint corrupti et unde a. Nostrum ad odit placeat ullam eius possimus ut asperiores. Qui consectetur asperiores quo beatae sequi non.','2008-07-07 09:40:46'),(605,1,117,'Et sit amet dignissimos quod nesciunt fuga omnis. Rerum eos aut officia quod vel voluptatem. Voluptatem voluptatem aut illum expedita aperiam.','2001-12-21 14:50:50'),(606,101,165,'Aliquid corrupti et reiciendis cum architecto. Maiores omnis iure voluptatem quia non ut minus. Eligendi amet facilis molestiae ratione culpa dolorem. Eius amet voluptas vero placeat.','1980-08-18 02:10:33'),(607,102,186,'Dolor sapiente voluptas est error. Et minima aut quidem commodi optio quia aut laboriosam. Molestiae dolore hic est voluptates dolor sit praesentium. Accusantium eaque tenetur et id saepe velit quia ut. Qui quis dolore non aut voluptatibus.','2019-12-19 08:09:30'),(608,103,118,'Rerum placeat ut vel placeat. Velit voluptatibus eligendi tenetur deserunt. Repudiandae necessitatibus culpa sit animi. Similique non accusamus facilis.','1981-11-26 12:17:15'),(609,104,180,'Eveniet labore dolore qui odit odit. Autem laboriosam reiciendis autem optio. Qui inventore magni dolorem ab est molestiae asperiores.','2003-12-23 22:48:14'),(610,105,161,'Occaecati expedita sed nihil cumque et. Ut facilis labore praesentium deserunt. Dolorum quo ipsa nesciunt est tempore id totam.','2010-06-05 04:47:32'),(611,106,161,'Aut error ut deserunt excepturi. Et provident vero dolor temporibus et. Illum neque sequi qui et dolor. Autem explicabo aliquam impedit. Molestiae ratione mollitia et repellat incidunt.','2017-12-21 08:58:20'),(612,108,168,'Laborum non et nemo perspiciatis ut omnis est expedita. Perferendis ex omnis molestiae voluptas voluptas ducimus nulla. Vero placeat nihil voluptas odio enim et alias quis.','2001-02-13 09:04:42'),(613,111,121,'A fuga fugiat beatae iusto veniam assumenda delectus. Ipsam labore exercitationem ut nobis. Iure blanditiis perspiciatis ipsum consequatur impedit suscipit officiis natus. Quis aspernatur voluptate ad qui.','2019-05-28 04:34:30'),(614,115,129,'Labore rerum doloremque est voluptatem. A voluptatem vel praesentium optio quam itaque molestias molestias. Sed et aperiam velit ut enim ut minima.','2005-12-07 10:25:31'),(615,116,104,'Explicabo qui repellendus ut error qui consequatur. Id occaecati fugit sint pariatur. Minus fuga modi quam voluptatem voluptates. Aut nobis repellendus distinctio et velit numquam soluta neque.','2019-07-27 21:50:40'),(616,117,166,'Et vero aliquid facilis error. Quod voluptas ipsa quae consequatur rerum. Repellendus cum id ut officia rem in. Asperiores nihil quo est atque aut officia ipsa.','1987-04-18 13:31:17'),(617,118,108,'Molestiae sequi quis aliquam excepturi. Et eos fuga atque rerum non quas. Harum explicabo est sapiente tenetur est accusantium ullam est. Incidunt iusto assumenda non culpa. Ipsum temporibus at incidunt odit ullam exercitationem aliquid.','1991-04-05 13:12:57'),(618,120,125,'Consequatur quaerat deserunt voluptas. Rerum accusamus iusto odio ut voluptatem aut voluptatem. Distinctio beatae aut aut.','1971-08-22 03:18:58'),(619,121,191,'Amet deserunt sed consectetur. Ipsa eum omnis incidunt. Cumque libero quo tempora numquam. Omnis accusantium autem iste voluptas sed enim ab similique.','2015-09-16 21:12:07'),(620,122,133,'Nihil ex quod sit quia praesentium odio. Error repellat ut eos rem consequuntur sit optio.','2009-12-17 12:15:35'),(621,123,108,'Voluptas quas ex officia non. Aut sunt voluptas fuga aperiam. Praesentium nulla illo occaecati sunt eligendi neque magni. Autem voluptate et repellat eum.','2011-03-25 21:05:27'),(622,125,181,'Enim nemo sit repudiandae asperiores eius nam nemo. Dolorum harum impedit voluptatem deleniti. Laudantium dolorum beatae rerum saepe. Ea in optio atque sit officia.','1977-11-05 19:07:57'),(623,127,101,'Earum quis odio non deleniti est eum. Assumenda aspernatur similique nulla voluptas non.','2005-05-08 13:35:04'),(624,128,183,'Voluptatem atque saepe aut ipsum. Velit voluptas eaque iure cum quasi odio dolor eius. Nesciunt consectetur doloribus ex deserunt.','2020-05-26 13:18:18'),(625,129,156,'Labore fugit quos rem doloremque non. Reiciendis ut delectus repudiandae eos vel quae. Doloribus et dolorum minus tempora quo illum.','1992-11-26 21:38:55'),(626,131,148,'Fuga nesciunt excepturi quas et sequi eveniet error. Non laborum voluptatem reprehenderit quis nobis officia porro maxime. Et fugiat qui quasi consequatur eos aliquid et modi.','2018-05-15 20:53:39'),(627,133,197,'Consequatur est autem fuga nesciunt fugiat qui. Laudantium esse fuga eos provident. Cum laboriosam enim maxime non nesciunt dignissimos.','1972-11-05 07:36:15'),(628,134,182,'Eveniet nulla ipsam accusamus ea est. Delectus sed et et in. Sit voluptatem veniam dolorem.','2008-07-01 18:57:53'),(629,135,140,'Possimus impedit quo numquam vel et. Dolorem aspernatur aut quia qui. Ut deleniti in vero ut cum veritatis.','2001-10-28 07:17:44'),(630,136,167,'Et omnis nisi aut culpa enim velit porro. Praesentium vel dolorem placeat sapiente quisquam sed et. Velit dolorum est incidunt ipsam. Quo ipsam eos eligendi quo omnis dolorum.','2001-03-03 21:54:39'),(631,137,117,'Dolore odio nam laudantium laboriosam repudiandae aspernatur. Vel minima expedita ut mollitia labore excepturi dolores.','1972-05-04 05:08:01'),(632,140,102,'Voluptatem est eos expedita nihil quas quaerat. Laudantium laboriosam expedita esse cupiditate consequatur. Placeat nostrum unde fugiat ea dignissimos et autem ab. Sit fugiat ipsam voluptas et architecto.','1975-08-09 15:27:42'),(633,141,102,'Saepe quidem eos non facere quam. Illo in vel enim dolor repellat explicabo voluptatem. Iure dicta et enim repudiandae expedita unde. Facilis rerum veniam nemo voluptatem nam est.','1985-05-17 23:58:07'),(634,142,155,'Nam architecto rerum odit asperiores et dolorem. Tenetur repellendus voluptate quia praesentium. Maiores hic sint accusantium nulla voluptatem.','2016-03-13 16:47:12'),(635,144,131,'Illo unde explicabo nihil quaerat. Tempora officia et eius. Ratione quia consequatur eius quae quia labore voluptas vel. Ut qui pariatur consequuntur sit.','2001-02-20 07:36:28'),(636,148,162,'Cupiditate inventore voluptas quos earum pariatur. Suscipit et laudantium consectetur iure quia. Alias quisquam officiis voluptatum voluptas. Omnis quis et dolor qui quisquam. Exercitationem autem occaecati labore.','1974-07-16 11:30:15'),(637,152,148,'Quia ad labore temporibus ipsum consectetur. Magni repudiandae corporis aspernatur quod est. Odio quia quia earum voluptas et dignissimos earum.','1976-02-13 16:13:02'),(638,153,123,'Consequatur ut deserunt incidunt consequatur libero itaque. Alias consectetur dolorem doloribus illum aspernatur ad. Sit nisi reprehenderit quos impedit qui atque consequatur.','1999-04-06 20:50:51'),(639,154,165,'Quia aut excepturi quam velit. Dolorem sint est voluptatem sunt explicabo rerum. Et dolores et unde voluptate et ullam.','1979-12-11 18:21:12'),(640,155,144,'Iure voluptatem dicta ut cupiditate. Rerum velit libero dignissimos blanditiis dolorem asperiores.','2017-08-09 08:49:19'),(641,156,157,'Rem et voluptatem qui cumque. Laborum laborum pariatur voluptatem et eum commodi. Rerum nobis voluptatem eum ad tempore et explicabo dolores. Dolore quia accusantium qui impedit quos assumenda ut.','1971-02-08 03:59:35'),(642,157,120,'Numquam aliquam eligendi voluptatibus voluptas assumenda. Unde aspernatur et omnis illum consequatur et. Praesentium quo ut laborum eveniet hic neque ut. Veritatis totam delectus eum quo ratione blanditiis aspernatur.','2001-08-18 20:06:30'),(643,161,131,'Expedita quod ut quo est molestiae aut debitis. Culpa et iste voluptas vel iure corporis. Voluptas fuga neque suscipit suscipit rerum beatae cupiditate ut. Ut quia libero et ut dicta.','1999-05-27 04:17:03'),(644,162,140,'Voluptatum omnis distinctio numquam tempora. Ex veniam eos in sit. Eos incidunt est quod consequuntur enim non. Maxime quod at eius dolor sunt.','1973-05-19 04:40:29'),(645,163,122,'Est omnis voluptate possimus consectetur voluptatem. Esse necessitatibus rerum cum. Possimus commodi cumque perferendis laborum.','1991-02-24 11:08:24'),(646,165,1,'Assumenda fugiat omnis adipisci ut. Accusamus ea similique rem recusandae ut tempora. Aliquid sint dolore magni magni.','1996-11-08 21:13:55'),(647,166,175,'Consequatur et aliquam quos praesentium molestias perspiciatis. Facere qui necessitatibus voluptatem culpa sapiente. Error eligendi iure sapiente voluptas eligendi.','1974-08-12 06:59:59'),(648,167,1,'Minima laboriosam animi quaerat quae expedita. Cumque ipsa officia porro est eius aut. Veniam a sunt eveniet. Numquam dicta ut quidem quia.','1997-12-17 04:01:46'),(649,168,196,'Esse et sunt quasi optio repudiandae qui. Vel mollitia rerum recusandae inventore.','2001-05-17 08:31:57'),(650,174,178,'Debitis qui laudantium et ut quo corrupti voluptatem. Eos vero consequuntur laboriosam ut. Placeat cupiditate voluptatem veritatis eos tempora enim explicabo explicabo. Ad sequi distinctio molestias nisi.','1974-07-09 23:37:19'),(651,175,193,'Commodi quisquam ut optio quia. Eligendi illum neque possimus fugit error quo. A aut quis nam et non eaque nesciunt ab.','2019-10-20 02:20:09'),(652,178,144,'Rerum nesciunt neque tenetur incidunt qui eum inventore. Aut corrupti aut molestias cupiditate. Quas numquam dolor consequatur dolorem eos quo aut.','1979-06-28 21:51:41'),(653,179,137,'At ipsa cum ad nisi suscipit quidem adipisci. Recusandae necessitatibus aperiam incidunt reiciendis.','1972-02-15 14:43:47'),(654,180,144,'Itaque ut quod modi vero in. Pariatur et animi dolorem quia ut enim debitis. Exercitationem est aut quaerat in ipsum odio excepturi. Consectetur velit et omnis incidunt. Rerum quo beatae dolores quasi fuga.','2014-01-20 16:28:21'),(655,181,140,'Repellendus ex dolorum quod. Placeat repudiandae deserunt voluptatem earum. Mollitia molestias qui veniam aut doloribus ipsa id ad.','1987-05-02 00:24:44'),(656,182,175,'Delectus excepturi quod eum quo qui veritatis. Dolorum eos et accusamus dolores quo culpa. Sunt a omnis commodi debitis debitis tempora. Molestiae optio ea recusandae et in et reprehenderit blanditiis.','1977-04-12 07:53:34'),(657,183,118,'Laudantium deleniti voluptatem aliquid hic assumenda. Repellendus labore ea consequatur dolorum nobis.','2014-08-22 03:52:13'),(658,185,123,'Id sunt numquam quaerat voluptas rerum id. Fugit ut aspernatur modi amet omnis distinctio sunt sit. Itaque voluptas est et eum suscipit sunt.','1974-06-22 12:27:02'),(659,186,190,'Error eos possimus exercitationem qui harum. Sapiente blanditiis perspiciatis esse et et. Natus perferendis minus enim in similique sunt.','1996-03-25 11:38:48'),(660,189,163,'Sit ea eos cum quos consectetur amet. Ipsum sed sunt qui rerum voluptas et. Ipsam sit qui dolor reprehenderit esse animi. Quia et eligendi ipsum.','2016-12-26 03:33:59'),(661,190,180,'Est assumenda ipsam magnam commodi deleniti totam et est. Qui ipsum iure aut et dignissimos temporibus nostrum. Atque modi exercitationem recusandae.','1987-01-06 05:47:10'),(662,191,134,'A est eum dolorum molestiae deleniti. Dolorem quo magnam et sit voluptatem veritatis.','1980-11-19 10:56:52'),(663,193,174,'Doloribus in voluptas mollitia ad. Voluptatem quam optio tenetur officia aperiam. Ut quo iste est voluptas.','2001-01-01 10:34:31'),(664,195,121,'Officiis quia reprehenderit dolorum beatae. Cumque eius porro omnis ut ipsa. Repellat ea eos quaerat voluptatibus asperiores. Illum nam autem dolorem et.','2021-06-11 23:54:09'),(665,196,167,'Non dignissimos eaque aut fugit quis tenetur et. Sed quia eos reprehenderit nesciunt. Doloribus accusamus eveniet optio cum. Odit consequatur temporibus ut maxime at officiis.','1977-03-10 08:27:49'),(666,197,167,'Occaecati est quaerat dolorem aut recusandae nesciunt. Porro sed in voluptatem atque beatae odio. Numquam aspernatur odit et. Sunt quia laboriosam voluptatibus natus itaque.','2018-05-07 05:05:41'),(667,198,115,'Distinctio dolorem vel qui corrupti ut perferendis. Et dolore vel corporis facere.','1971-03-22 07:30:33'),(668,1,197,'Similique doloribus quaerat error. Est similique eaque est accusamus neque voluptas cum. Est ipsam error consequuntur hic.','2019-03-02 01:30:54'),(669,101,1,'Quae sit non asperiores et dicta ipsa aliquid. Eos sed rerum rerum eos est. Dolorum velit vero soluta perspiciatis non. Et placeat temporibus quis expedita nostrum.','1975-06-28 00:45:21'),(670,102,167,'Quam eligendi et temporibus consequatur sequi. Doloremque repellat nulla et maiores sunt sed perferendis. Sit minima vel sapiente aliquid itaque veniam molestiae odio. Facere delectus repellendus cupiditate.','2016-01-18 09:59:00'),(671,103,142,'Commodi qui doloribus ullam ullam maiores nihil. Similique ut aut est placeat iste. Dolore sed inventore ipsa quae. Assumenda vitae ex enim voluptatem.','1989-10-23 03:50:38'),(672,104,108,'Veniam et tempora consectetur totam voluptas voluptate. Unde asperiores ratione ut voluptas aut. Laudantium quod numquam inventore.','1982-07-04 14:32:00'),(673,105,121,'Fuga assumenda recusandae nostrum. Similique possimus tenetur aut dolores. Ut aut est ut et exercitationem autem.','1977-05-05 07:57:23'),(674,106,123,'Dolorum sed maxime dicta aperiam. Vel distinctio id hic sit. Iste et autem quam et consequatur. Error cumque qui earum voluptas.','2008-10-04 11:46:24'),(675,108,153,'Neque temporibus qui quisquam voluptate. Totam ut assumenda optio officia. Dolor et qui saepe et reprehenderit ut rerum. Voluptatem qui id ad.','1980-02-09 20:46:29'),(676,111,105,'Dicta numquam dolorem fuga totam. Veniam repudiandae velit velit recusandae aut molestias. Et amet occaecati temporibus sed aliquid est vero.','2004-04-04 17:49:56'),(677,115,185,'Rem autem accusamus perferendis est. Cum voluptatum quia eaque doloribus quis porro praesentium sed. Exercitationem amet delectus quas et dolorem ex.','2009-03-20 01:34:01'),(678,116,142,'Dolore sint aperiam omnis maxime. Fugit a sint dolorem nam ut. Cupiditate dolores consequatur consequatur repellendus possimus nostrum impedit.','2013-11-29 16:41:47'),(679,117,165,'Eos consequatur expedita voluptatibus et nihil non. Fugiat sed modi dolores. Qui porro labore sed quos nam repellat autem officia.','1993-07-05 11:51:36'),(680,118,117,'Voluptatem in magni quia aut voluptatum optio. Dolore nostrum consequatur minus dicta est dolore saepe. Rerum id qui iure vitae nisi ut iure.','1978-05-27 22:27:14'),(681,120,131,'Est molestiae perspiciatis dolorem maxime. Nihil neque quod reprehenderit recusandae. Et voluptatem sed rerum eligendi.','2019-05-12 04:37:50'),(682,121,183,'Rem qui nihil sed est minima in aspernatur blanditiis. Fuga voluptas velit voluptatibus rerum. Nihil enim cumque officia maiores. Perferendis et voluptas voluptas qui incidunt.','2006-03-16 09:38:42'),(683,122,120,'Excepturi ipsa et adipisci qui a reprehenderit. Est ea placeat qui voluptatem blanditiis. Non autem quo numquam occaecati non modi praesentium. Ex corporis a ut exercitationem expedita ab.','2005-07-27 04:48:53'),(684,123,191,'Animi necessitatibus quam atque sequi id deleniti. Optio ullam atque sed.','2017-07-17 10:32:36'),(685,125,123,'Voluptas blanditiis ex dolores odit molestias impedit ut est. Voluptatibus iste magni corporis cupiditate earum. Recusandae id iste autem dolores enim minus. Reprehenderit quo error nobis et laudantium.','1975-01-12 18:53:45'),(686,127,189,'Dignissimos sequi laboriosam est quaerat alias. Consectetur omnis sit officia laborum voluptatem. Et ut totam voluptatum consequatur quisquam et eius. Est ipsa dolor fugiat nemo voluptatum.','2016-10-24 03:02:15'),(687,128,157,'Autem porro est atque nobis. Sed reiciendis eos voluptatibus officiis voluptas. Excepturi culpa et officiis asperiores dolor quod. Eveniet et quia a assumenda molestiae aliquid praesentium nihil.','1984-05-17 15:04:36'),(688,129,162,'Aut tempora porro mollitia dolorum. Nobis eveniet omnis dolorem aspernatur eos.','1982-02-11 01:25:07'),(689,131,161,'Repudiandae omnis non quasi nesciunt ea enim. Quae numquam nostrum at eveniet est. Debitis molestiae delectus dicta et quae. Aliquam et repudiandae suscipit vitae dolorem tempora omnis. Sint explicabo quia totam odit ut.','1999-02-12 08:19:22'),(690,133,166,'Corrupti rerum ab nesciunt non id odio quo. Et consequatur saepe voluptas id ipsam laborum. Cum minus magni quibusdam ut sed.','2004-04-15 10:34:53'),(691,134,137,'Laboriosam molestiae nihil corporis dicta expedita dolor autem. Est vitae ipsum eos et ratione. Dicta consequatur voluptates aut.','1974-11-25 00:56:48'),(692,135,190,'Eligendi corrupti enim ratione minus. Placeat provident dolorem rerum error ipsam. Corporis accusamus voluptatibus eos modi quae aliquid. Eaque qui amet eveniet omnis.','2018-03-05 10:55:45'),(693,136,1,'Consequatur ut enim molestiae eos fugiat non aut. Ipsum sit voluptatem facere quisquam harum assumenda. Voluptas autem molestiae eos blanditiis sunt voluptatum. Et placeat a in autem.','2020-10-18 04:41:34'),(694,137,167,'Molestiae magnam corrupti aut ipsam autem. Dolorem commodi et numquam aut. Natus adipisci laudantium eligendi voluptatibus. Quidem nulla inventore amet consequuntur facere cumque.','2007-03-12 05:49:27'),(695,140,128,'Et autem est facere velit sed. Eum asperiores nihil animi non similique corrupti distinctio. Atque ut voluptatem tempora quia magnam perferendis.','1975-03-30 18:26:29'),(696,141,153,'Quidem voluptatem nostrum sequi voluptatem atque. Aut ut assumenda deleniti eos at inventore voluptatem. Facilis voluptatum minus corrupti. Autem reprehenderit sed quia occaecati.','2009-12-28 00:31:01'),(697,142,125,'Incidunt accusantium necessitatibus itaque laboriosam optio eius. Aut libero eum architecto magni non ipsam non minima. Iste id optio natus quam nam odio qui. Et aut quam rerum est magni.','2015-07-10 11:41:47'),(698,144,162,'Omnis consequatur dolorem et eius. Blanditiis quis exercitationem nam doloribus. Assumenda dolorem eveniet aut totam. Voluptatem qui sed excepturi et dicta amet voluptatem sint.','1974-04-15 04:21:47'),(699,148,118,'Ab distinctio et sit quo dolorem. Culpa ea reprehenderit nihil ipsum necessitatibus et aut. Minus delectus occaecati doloremque voluptate velit velit. Dolores hic possimus enim nihil voluptates.','1985-08-03 09:47:02'),(700,152,191,'Voluptatibus et harum eum repellat neque similique ut. Fugit sunt iusto necessitatibus aspernatur sed ab et illo. Aut sed et sed accusamus.','1984-07-06 04:00:29'),(701,153,127,'Sed alias nobis et facilis. Doloremque iure qui quisquam nihil molestias expedita.','2012-07-11 12:32:31'),(702,154,198,'Non cupiditate enim consequatur laudantium. Illum impedit et molestiae unde animi ut. Aut ab repudiandae quam. Harum qui harum corporis saepe aspernatur non.','2008-05-10 02:26:06'),(703,155,115,'Porro ipsum officia aut tempora. Animi officia sunt ipsa ducimus ut eum voluptatibus accusamus. Accusantium rerum quia quia sint reiciendis iusto dolorem.','1995-04-11 10:51:29'),(704,156,183,'Non qui culpa dolorum voluptates velit hic commodi. Neque id nam amet et. Eius qui repellendus cum quod impedit.','2012-02-11 22:53:07'),(705,157,178,'Ullam omnis tenetur nobis accusamus impedit quo ratione. Rerum magni illo modi eius delectus provident vel. Voluptatibus maxime ut deleniti est. Laboriosam omnis accusamus qui qui.','2010-06-04 12:07:29'),(706,161,106,'Dolore vel aut voluptatem voluptas. Praesentium tempore quia quis sunt deserunt. Autem molestiae ipsa nostrum dolores tempora sit. Voluptas porro iure rerum culpa facere perferendis perspiciatis.','1993-06-18 06:27:34'),(707,162,140,'Eum incidunt est nesciunt dolor esse sunt. Quo officiis sint qui doloremque a fugiat. Veniam quia vero id nisi earum deserunt. Id omnis hic error aut.','2013-12-22 11:06:13'),(708,163,101,'Tempore eaque et sequi praesentium. Ab qui qui deserunt. Ratione laborum eos nihil perferendis assumenda inventore sint.','1988-01-10 10:09:49'),(709,165,154,'Adipisci ea suscipit excepturi doloribus velit. Dolore dolorem et enim ut nisi nihil reiciendis.','2020-09-20 11:40:56'),(710,166,168,'Voluptatem quo ipsa repellat. Inventore et voluptas iste atque commodi. Dolorem sunt ipsum suscipit eligendi et ut consequuntur ipsa.','1981-09-10 16:03:47'),(711,167,162,'Autem recusandae quo dolor dolorem consectetur qui quasi consequatur. Quaerat est et consequatur et illum aliquid. Ad unde doloribus facilis ut hic alias ut. Non animi expedita tenetur aut doloremque quasi dignissimos.','2001-12-18 08:14:07'),(712,168,103,'Quidem tempore enim commodi porro. Repellat accusantium id necessitatibus ea nobis molestiae aliquid. Et iste voluptas ducimus cum impedit non sint provident. Laboriosam ullam dicta temporibus eaque aspernatur necessitatibus.','1974-02-23 21:47:10'),(713,174,101,'Maiores consequatur similique illum beatae. Praesentium velit alias dolores nostrum dolorum. Dolorem ex distinctio et eveniet et et libero. Nulla nihil enim maxime expedita id quibusdam voluptas.','2008-02-13 12:08:47'),(714,175,148,'Est rem autem quo quae iste id et. Iste quam iusto necessitatibus ab. Cum commodi corrupti nihil qui quia et dolorem sit.','1981-11-13 22:24:34'),(715,178,195,'Quis ab eum iste omnis exercitationem repellat. Perferendis vitae consequatur optio delectus sunt. Illo commodi maiores ut omnis nisi numquam qui. Cupiditate quia aut earum earum quia sint.','2003-12-12 00:58:51'),(716,179,163,'Magnam iure fuga et ipsam sed. Sit iure velit blanditiis enim minus officiis et. Et quis et optio dolor possimus odio ad velit. Nesciunt dolor sunt repellat et.','2006-05-06 17:17:47'),(717,180,128,'Quas ipsum neque provident fugiat maxime facere. Id non dignissimos esse recusandae. Et et optio perferendis numquam qui facilis numquam iure.','1988-08-15 14:45:07'),(718,181,106,'Quasi ratione aut perspiciatis enim dolores quaerat officia. Eaque provident omnis ex quia quos laboriosam. Est odio iusto sequi autem.','1994-09-27 01:51:09'),(719,182,101,'Quia debitis sit doloribus est est voluptatem perspiciatis. Eveniet aspernatur itaque dicta est voluptate repellat sint. Aliquam debitis sed quam molestiae qui eum.','1998-01-04 08:07:52'),(720,183,142,'Facere quia aut reprehenderit delectus id ullam fugiat. Recusandae ducimus incidunt et adipisci. Ratione quis repudiandae et aliquam ipsam qui consequatur.','2001-07-30 20:47:13'),(721,185,108,'Aut quo sunt enim harum ab exercitationem. Tempora rerum totam dicta rem distinctio consequatur ad.','2018-06-13 13:02:10'),(722,186,157,'Quos earum totam provident dolores. Est soluta mollitia reprehenderit ea dolorem suscipit. Ut est ullam voluptatibus inventore laudantium.','2004-12-28 19:22:10'),(723,189,185,'Repudiandae autem non officia omnis quam et. Quaerat unde excepturi voluptatibus quod suscipit. Iure impedit quia sit consequuntur saepe.','1991-04-28 10:51:52'),(724,190,136,'Et voluptate earum veniam tempore beatae excepturi. Quis optio pariatur quasi esse fugiat nihil. Numquam qui qui sit mollitia cum dolor veniam.','1979-05-11 16:35:54'),(725,191,154,'Molestiae voluptates et molestiae necessitatibus nemo quia aut. Recusandae molestias asperiores ut atque id similique. Rerum commodi dicta dolorem consectetur eos.','2004-01-10 19:12:51'),(726,193,190,'Est et qui ratione minima qui enim. Consequuntur at aliquam dolorem cum nulla.','2000-10-07 22:55:16'),(727,195,105,'Est inventore necessitatibus nihil qui fugit animi. Placeat et omnis est dolor sunt animi. Culpa nesciunt quaerat id ea optio nemo. Velit eveniet non nam non accusantium eum. Consequatur ratione et et in.','2012-07-15 06:57:55'),(728,196,179,'Non placeat officiis voluptatem quis. Quisquam aut officia consequuntur id ratione blanditiis vitae. Distinctio sed qui fuga occaecati enim qui praesentium.','1993-07-08 23:25:18'),(729,197,189,'Fugit iste sequi et possimus doloribus quo sint. Nemo sequi maiores illum sint aut assumenda aut. Voluptas veritatis fugiat odio incidunt aut hic quia. Ut quis dignissimos atque quo. Et sint amet atque laudantium.','2009-01-08 07:38:22'),(730,198,180,'Non veritatis ut voluptas voluptatem iusto. Sunt est enim omnis quam a alias doloremque. Reiciendis rerum in quod ut eius est quo doloremque.','1987-08-10 11:54:56'),(731,1,123,'Quia tenetur ipsum perspiciatis nam beatae tempora doloremque. Explicabo nostrum commodi sapiente ratione. Repellat et dolorem laborum repudiandae aut voluptate.','1975-05-24 00:40:52'),(732,101,168,'Praesentium nesciunt ex id amet numquam placeat id. Officiis quam hic asperiores facilis velit pariatur. Omnis consequatur ut deleniti illo fugiat dolores.','1995-12-09 12:37:45'),(733,102,108,'Quidem incidunt magnam sint fuga sequi repellendus animi. Est sit soluta minus saepe est. Possimus amet laudantium eos aut. Aut ipsum cumque velit a.','2015-06-03 09:58:55'),(734,103,180,'Corporis laboriosam vel id quidem doloremque asperiores. Rem molestiae suscipit sed consequatur eligendi. Voluptatem suscipit vitae expedita maiores commodi ex.','2000-10-19 17:13:51'),(735,104,152,'Non voluptatem libero repellat doloribus qui. Deleniti omnis accusantium illo sapiente et optio nobis rerum. Quod dolores a id inventore. Eos voluptatum reiciendis dolores veniam ea.','2009-07-03 00:16:46'),(736,105,120,'Velit provident est dolores. Aspernatur fuga eius distinctio. Assumenda eius dignissimos eum ea aut debitis qui. Laudantium aliquid earum ducimus aut et.','2009-07-15 06:22:02'),(737,106,175,'Debitis ab qui labore. Autem ut nam voluptas id vitae dolor dolores. Sed repudiandae dolore aut dolorem. Sequi sunt aperiam minus reprehenderit nihil nihil consequatur.','2010-05-10 12:37:12'),(738,108,121,'Quasi sit soluta est et architecto. Cum minus harum amet tempore unde. Animi labore cum minima consectetur saepe.','1979-02-05 17:35:40'),(739,111,148,'Ab vero enim vel eius asperiores quia. Aut in ut voluptas dolore. Est nisi ut voluptas et enim voluptatum. Inventore distinctio reiciendis perspiciatis commodi. Non et et consequatur porro cum nulla provident cumque.','1994-08-25 06:11:21'),(740,115,163,'Qui rerum voluptates similique quo. Hic aut iste exercitationem enim optio in. Distinctio quidem ullam culpa velit voluptas sed. Architecto assumenda sit eum cumque.','2009-04-21 09:30:48'),(741,116,137,'Sequi dolores reiciendis et debitis autem est deserunt. Harum quo dicta natus unde possimus cupiditate. Ipsum odit quia veritatis ab.','1994-07-15 11:35:22'),(742,117,135,'Vitae id autem ea et. Consequatur nihil mollitia vitae qui error. Corrupti tenetur qui laudantium sequi. Quia dolores in est et voluptatem ut aperiam.','1997-10-08 01:43:18'),(743,118,1,'Et est est tempora velit. Excepturi velit modi aliquid voluptas ut voluptates sint. Sunt autem quos voluptatem blanditiis tenetur.','1999-12-03 23:12:06'),(744,120,1,'Aut placeat nulla omnis libero. Labore tempora et eos reprehenderit ut ab. Hic iste voluptas praesentium quisquam voluptatibus non. Voluptas cupiditate iure aut ut vel et quidem et.','1972-09-10 19:57:35'),(745,121,148,'Quia dolorem architecto in vero ut qui. Ut hic sapiente voluptas veniam optio et. Dolor facere est provident voluptatem quis.','1999-05-14 01:02:48'),(746,122,193,'Aliquid vel non neque voluptatibus esse. Autem id ad placeat suscipit accusantium architecto. Incidunt eaque impedit ut qui qui velit vitae. Magnam dolorem voluptatem magnam quia hic quia amet.','1973-11-23 11:57:58'),(747,123,186,'Sunt id ea et animi ipsa praesentium. Praesentium tempore quod qui ducimus sequi molestias. Et eum explicabo adipisci vel. Nulla maxime odio odit quisquam.','2005-04-20 04:33:57'),(748,125,190,'Eius libero quidem ut sed. Et saepe est at ut in consectetur. In laudantium doloremque nostrum sequi praesentium porro.','1979-02-02 06:54:51'),(749,127,155,'Voluptatem maxime id repudiandae repudiandae sequi et et. Deserunt quas maxime rem. Ad voluptatum qui nihil aut dolorem autem. Sapiente porro animi omnis.','2005-01-02 21:49:35'),(750,128,189,'Dolorem quidem vero rerum sit sit. Cupiditate est fugiat voluptate voluptas corporis veritatis. Maiores optio et nam eum. Fugiat molestiae dolorum consectetur repellendus. Deleniti atque laborum quos aut.','2000-03-28 02:05:45'),(751,129,127,'Veritatis est nostrum omnis debitis et eius culpa. Vero modi saepe culpa corporis molestiae perferendis ea. In vero qui fuga expedita ut.','2015-05-20 08:36:31'),(752,131,108,'Est et nesciunt quas molestias officia deleniti exercitationem. Excepturi qui a possimus omnis repellendus mollitia molestias. Magni numquam voluptas voluptas autem accusamus.','2002-01-13 15:27:07'),(753,133,142,'Nulla enim ex temporibus id quam facilis. Autem aut voluptas repudiandae vel deserunt quae perferendis. Repellat neque dolore eum quisquam repellat iusto.','2017-07-30 20:09:00'),(754,134,178,'Consequuntur officiis dolores tempore et nobis incidunt. Dolorem voluptates impedit ab ea architecto delectus nihil. Non deserunt soluta soluta maiores natus. Ratione deleniti iste sit aut sint mollitia nulla et.','1985-04-10 11:53:52'),(755,135,133,'Eaque velit deleniti recusandae vel nihil. Error ratione quo quibusdam aspernatur voluptatem laboriosam accusamus. Quisquam similique repellat accusamus. Quia optio ducimus dolorem unde nisi veniam.','2011-02-16 06:12:45'),(756,136,179,'Sint qui sint nihil sed. Soluta ab vero ipsum. Consequatur rerum qui voluptatem id alias.','2012-12-07 23:12:54'),(757,137,153,'Non qui qui voluptas sequi aliquid dolor. Distinctio omnis quo eum blanditiis. Qui aliquam sapiente culpa mollitia debitis quisquam.','2003-12-19 10:43:10'),(758,140,123,'Excepturi aut delectus voluptate nihil deserunt provident. Omnis et exercitationem suscipit recusandae.','1996-04-21 14:35:39'),(759,141,104,'Magni voluptatum quidem voluptatibus non ipsam earum. Et eos eveniet illo eos. Quae magnam amet doloremque. Error ut mollitia quis praesentium.','2012-11-19 10:17:12'),(760,142,196,'Dolorem qui mollitia omnis eveniet. Quaerat enim alias provident qui sed. Sapiente tempora corrupti voluptatibus itaque.','1984-05-09 15:04:56'),(761,144,148,'Quia nesciunt modi ab vel pariatur. Deleniti dignissimos saepe sint qui nam. Amet rerum aut consequatur. Molestiae dolor quo aut hic non totam dicta.','2013-02-24 22:29:23'),(762,148,137,'Magnam temporibus corrupti voluptatem dolorem inventore quidem rerum. Id praesentium sed molestias accusantium. Cumque maxime distinctio nesciunt illum molestias est.','2000-10-15 02:20:09'),(763,152,196,'Qui cumque ut deleniti. Non velit iste qui. Aliquid dolor nam iure fugiat laborum. Quo aperiam animi deserunt nesciunt dolorum.','1995-05-29 05:01:06'),(764,153,175,'Modi animi tempore voluptatem fugiat. Sint culpa magnam mollitia expedita. Quam aliquam sint quo porro enim. Quo eius voluptates magni rerum laborum.','1988-05-21 02:29:26'),(765,154,135,'Labore repellat accusantium id ut. Voluptas tempora sint voluptatem beatae similique. Eveniet eos et occaecati. Magni dolores impedit aspernatur quibusdam amet ut temporibus.','1994-10-10 11:56:58'),(766,155,182,'Magnam deleniti recusandae molestiae dolores cumque incidunt ex. Aliquam voluptas error voluptatem ipsa aut non aut. Iusto tempora culpa optio quidem aliquam nisi praesentium consequuntur.','1970-08-03 03:04:42'),(767,156,142,'Est repudiandae cum assumenda accusantium. Molestias repellendus blanditiis consequatur sequi omnis maiores ea illo.','1986-12-18 12:57:08'),(768,157,144,'Est esse id non sunt quo. Ut qui qui qui reiciendis. Voluptas et molestiae in explicabo molestiae.','2012-03-10 10:31:14'),(769,161,155,'Velit tempore architecto autem ipsa id eum ut. Delectus quisquam exercitationem libero quo sint nam qui. Inventore fugit incidunt dolorem ut earum deleniti.','1999-04-24 17:57:06'),(770,162,144,'Ut est dolores eos architecto asperiores ut tempore. Nam tenetur labore autem ad consequatur nobis neque ut. Dolorem ut quidem voluptas repudiandae quia.','2015-10-05 02:11:12'),(771,163,153,'Laboriosam est sint nostrum fugit harum. Repellat laborum quia exercitationem voluptate nostrum qui laudantium. Consectetur et voluptatibus quod aliquam.','1981-11-03 22:13:33'),(772,165,189,'Doloremque ipsum nobis corrupti voluptatem corrupti dolores. Omnis ut natus iure veniam occaecati. Ut reprehenderit debitis aut eum.','1976-03-01 10:16:14'),(773,166,108,'Error tempore culpa a tempora in quo et nisi. Et corrupti impedit voluptatem non vel. Voluptatem autem eligendi quia aut laboriosam facere doloremque placeat. Recusandae nostrum doloremque consequatur quis et fugiat.','1970-03-12 09:07:05'),(774,167,156,'Dolorem quia reprehenderit assumenda sequi. Earum tempora enim quis iusto debitis exercitationem eum. Blanditiis provident harum reiciendis.','2006-12-13 10:23:37'),(775,168,104,'Saepe cum similique animi quos. Porro ea aut earum odit ut fugit. Nihil omnis reprehenderit doloremque vel ab. Ut ut consequuntur adipisci dicta rerum iste molestiae.','2007-06-03 08:00:16'),(776,174,155,'Occaecati doloribus vero ea quae vitae. Consequuntur ea eum fugit ipsa perferendis. Voluptate nesciunt dolores qui velit eos incidunt voluptatem doloribus. Dignissimos voluptatem delectus libero dicta accusantium id voluptatibus.','2011-02-24 15:53:09'),(777,175,152,'Deleniti eum ut non esse assumenda quam qui. Aut rerum magnam expedita et at. Quasi excepturi occaecati nihil. Soluta harum minima id.','1984-10-07 17:33:28'),(778,178,181,'Omnis praesentium accusamus doloremque et. Non quasi qui iste ut in rerum quia. Ab et voluptatum nam.','2001-11-29 21:52:53'),(779,179,123,'Nisi quis et animi aut assumenda occaecati ut sed. Sed facere voluptatibus illum debitis voluptatem error consequuntur ut. Est repudiandae autem cupiditate dolore et nesciunt. Officiis commodi deserunt doloremque sit. Modi rem voluptatem in dolorem.','2007-11-14 12:22:39'),(780,180,148,'Aut adipisci perspiciatis numquam repellat dolore. Deleniti voluptatem voluptatem laudantium dolore. Tempore voluptatibus est et.','2001-04-24 10:18:41'),(781,181,167,'Cumque recusandae consequatur illum qui. Consequatur omnis dolore quos quasi iure sed hic. Corporis est dolorum nostrum aut excepturi ea in. Provident nam dolores explicabo sint recusandae.','2011-07-28 01:06:45'),(782,182,161,'Dolores rerum cumque ut qui. Voluptas laudantium nihil eius id est quam in. Sunt itaque vero culpa ad itaque ut. Animi et laboriosam quis veniam autem quis autem.','1970-08-26 04:11:21'),(783,183,185,'Nam id incidunt et saepe. Quis illo sunt voluptatem atque. Reiciendis perspiciatis aspernatur sit consequuntur alias tenetur.','2007-05-24 09:58:54'),(784,185,153,'Porro et temporibus distinctio voluptas animi est. Rerum illum harum fuga ipsam esse. Aut nulla eius nemo et excepturi atque. Dolores odit numquam sit placeat molestiae.','2011-06-18 15:55:35'),(785,186,142,'Veniam recusandae porro optio distinctio. Beatae perspiciatis numquam eos tempore tenetur recusandae. Sed labore quos sequi nihil ullam porro.','1972-03-20 17:40:15'),(786,189,134,'Illo doloribus qui beatae laudantium temporibus beatae. Ducimus corrupti voluptatem in dolores sunt qui. Quaerat voluptatem et adipisci consequatur quia. Accusantium commodi alias ad ipsum.','2021-03-10 19:26:25'),(787,190,137,'Minus debitis earum ut tempore. Rerum quia quia et voluptatem dolorem esse qui. Autem et distinctio omnis voluptas iusto unde dolore. Eum pariatur saepe itaque magnam explicabo atque consequatur autem.','2006-06-18 12:58:15'),(788,191,1,'Ab laudantium voluptates qui accusamus. Voluptatem aliquid voluptatem veritatis voluptas et ad maxime sunt.','1977-05-12 03:34:11'),(789,193,161,'Cumque possimus nam repudiandae atque maxime. Vero labore incidunt odit sed eveniet hic. Sed labore ab ad voluptates voluptatum quis reprehenderit.','2004-06-01 01:28:12'),(790,195,183,'Fugiat laboriosam omnis molestiae odit debitis sunt voluptate sint. Qui dignissimos deserunt fugit amet vel. Id quasi sit necessitatibus possimus nisi.','2015-04-30 22:32:33'),(791,196,163,'Asperiores rerum odio voluptatem molestias. Ullam quos dicta animi vel nemo molestias et ea. Quia officiis non rerum blanditiis quia eaque enim.','1988-06-05 11:35:00'),(792,197,144,'Doloremque minus nihil eaque necessitatibus et perferendis harum. Praesentium odit minus earum dolores. Qui veniam dolorum quo.','1989-11-24 20:48:13'),(793,198,135,'Quod iusto facilis iure ratione sunt molestiae neque. Eum et facere itaque qui et numquam velit maiores. Soluta vero aut animi quo sapiente.','2002-02-02 23:06:56'),(794,1,196,'At rerum hic sint id. Soluta voluptatum non nobis necessitatibus consequuntur. Minima est mollitia vitae sunt.','1980-12-25 23:52:56'),(795,101,137,'Accusamus iusto quia quis doloremque. Fuga tempore distinctio culpa cupiditate reprehenderit necessitatibus veritatis. Facere sunt dolorem et error enim veniam. Quasi et consequatur in est totam.','1976-08-07 05:06:41'),(796,102,155,'Ducimus rem nulla omnis. Ad fugiat nihil fugit nam. Perferendis amet maxime modi laborum dolores occaecati.','1972-06-05 17:19:17'),(797,103,121,'Modi rerum alias neque quod enim non tempora alias. Voluptatum sit pariatur rem dolor. Aspernatur pariatur omnis illum itaque. Maiores quae repellat qui libero ut deserunt.','1985-08-06 04:13:24'),(798,104,131,'Fuga voluptas consequuntur earum dignissimos ab voluptatibus voluptatem. Voluptatibus vitae et eaque.','2005-10-02 11:01:18'),(799,105,190,'Fugit consequatur distinctio quo aperiam reiciendis sed occaecati. Exercitationem odio dolorem quam quia voluptas laboriosam distinctio. Quisquam voluptatem aut dolor sit vitae et. Quae illo optio tempora sed et molestiae.','1991-02-24 03:33:23'),(800,106,162,'Non est fugit autem est modi. Quia quis molestiae quae soluta ut cum. Deleniti eius aliquam natus sint.','2004-02-20 12:53:11'),(801,108,106,'Facere ratione voluptate sequi in error rem. Consequatur consequatur consequatur ut molestiae nihil. Aliquid sunt provident eligendi quo adipisci quos dolorum maiores.','2015-09-25 08:42:16'),(802,111,103,'Amet at aperiam et commodi eligendi. Nulla sit dolorum voluptatem eius. Molestiae amet corrupti quo sint reiciendis enim.','2007-02-11 09:57:17'),(803,115,163,'Qui et ullam consequatur voluptate laudantium similique. Praesentium dolorem ea sit dignissimos aliquam minus omnis soluta. Impedit id distinctio excepturi rerum animi eum. Possimus et sit doloribus voluptates totam libero pariatur.','1975-10-16 18:08:53'),(804,116,115,'Aut nostrum eius tempore beatae eveniet et quo. Voluptatem nulla illo quam et provident.','1973-04-18 22:37:58'),(805,117,106,'Accusamus eius non dolores. Nihil tenetur explicabo debitis mollitia. Voluptatem dolorem asperiores odit.','2016-09-13 19:18:20'),(806,118,179,'Et veritatis esse ullam nostrum. Fugit voluptatem aut deserunt voluptatem. Libero non esse commodi et error ea dolor.','1989-01-15 02:02:43'),(807,120,157,'Expedita sint eum molestias sed. Voluptates officiis et ut earum aut. Omnis omnis natus in facilis nemo deleniti debitis alias.','2011-02-17 19:38:24'),(808,121,186,'In rerum magnam optio quas ab. Est earum doloribus alias et. Pariatur tempora distinctio et exercitationem. Doloremque deserunt et id molestias qui eos.','1992-12-09 07:10:38'),(809,122,189,'Harum odit voluptatum aut pariatur. Rerum ut minima non eos quo. Consectetur expedita voluptates iusto provident.','1991-09-04 06:02:38'),(810,123,122,'Ad unde suscipit cupiditate ipsam ducimus. Earum consequuntur ratione fugiat velit alias quidem cupiditate. Porro reiciendis ut rem mollitia alias. Porro modi omnis ipsum sed quam sed.','1977-01-11 03:47:06'),(811,125,196,'Atque expedita sit laborum quia et necessitatibus. Provident iste similique fugit qui incidunt. Corrupti illum aut dolores sint veritatis. Magnam doloremque aut fuga consequuntur commodi non facilis. Consequatur dolor aut cupiditate.','1992-04-25 20:21:40'),(812,127,134,'Quia saepe aliquam mollitia ad aut. Quia sed corporis consequatur commodi quod molestiae eos. In reprehenderit sed ipsam neque.','1986-11-20 11:15:04'),(813,128,121,'Et provident omnis consequatur explicabo. Aliquam quisquam sint voluptatibus et dolor nulla odit esse. Odio quia eveniet quisquam dignissimos cumque. Voluptatum ratione facilis numquam.','2016-05-25 01:18:59'),(814,129,133,'Enim ut eum voluptatem fugiat. Optio omnis minus et aperiam quaerat exercitationem. In fugiat exercitationem qui voluptatum laudantium. Ut vitae consequatur sed assumenda totam. Culpa sit vel et nulla.','1977-01-07 07:29:26'),(815,131,108,'Deleniti vel ipsum dolorem vel rerum. A veritatis ipsum et sapiente nam minima atque. Autem exercitationem aut nulla ipsam accusamus quae quos.','1981-12-14 08:44:32'),(816,133,118,'Nisi aut minima vitae adipisci. Corrupti quia qui minima nemo. Quia et cumque officia maiores voluptatem. Minus in expedita corrupti enim quia nisi nihil voluptatem.','1979-02-11 15:41:13'),(817,134,198,'Quod dignissimos qui commodi repudiandae repellendus. Explicabo ea ut vero aspernatur. Magni quia laudantium nisi amet vel. Et ad dolorem explicabo ut sit qui qui et.','2017-04-18 08:57:10'),(818,135,165,'Iste iure sint cum sint ut facilis est quaerat. Ea accusamus veritatis blanditiis vel minima quaerat. Dolores aliquam ut vero earum temporibus assumenda. Autem tempore commodi vel nihil eius.','1997-09-29 08:07:02'),(819,136,191,'Nostrum iure ut sint id. Nostrum facilis saepe in. Dolor ut ad numquam tempora nemo qui.','1996-05-20 10:49:07'),(820,137,125,'Et accusamus ipsa ipsum consequuntur et eius voluptas. Officia ut necessitatibus libero. Ducimus enim aperiam dolorem reiciendis nisi expedita.','1996-05-01 07:02:29'),(821,140,135,'Accusantium modi voluptatem ut officia qui qui. Dolorem qui voluptatem consequatur modi distinctio porro ea. Incidunt sed et dolorem illo necessitatibus minima laborum. Numquam libero facilis sit fuga cumque sunt natus.','1987-02-01 23:22:58'),(822,141,135,'Expedita qui provident quas dolore omnis. Quia ex et optio itaque. Ut soluta est eos minima quia. Praesentium qui tenetur sint maiores quod vero esse.','2003-01-20 22:29:10'),(823,142,181,'Eius laborum dignissimos nihil commodi fugiat. Id omnis quas tenetur aut ipsum laudantium. Saepe suscipit sit numquam qui velit at velit.','1992-06-09 20:11:10'),(824,144,198,'Laboriosam asperiores aut quo. Non rerum aspernatur doloremque. Neque tempora commodi amet quia.','2012-12-30 07:55:32'),(825,148,133,'Inventore voluptate consequatur quis. Labore ratione odit odit deserunt ab et pariatur. Eligendi repudiandae velit quis.','1983-09-26 16:25:27'),(826,152,153,'Eos iste qui quis cum. Reprehenderit quo et officiis facere non. Rerum excepturi dolore temporibus perferendis ut ullam.','2016-11-23 12:19:17'),(827,153,183,'Tempore aut asperiores ipsum eligendi sed. Tempora esse earum dolore.','1972-02-05 16:44:29'),(828,154,153,'Praesentium qui et provident saepe sit aut. Quas consequatur distinctio quae nemo. Ut eaque alias eveniet quia natus quidem ut voluptatem. Occaecati libero harum delectus et cupiditate.','2003-10-16 20:56:53'),(829,155,174,'Error molestiae in dolores non maiores quidem. Excepturi est ut unde iusto consequatur maxime eos voluptas. Officiis corporis exercitationem id non. Et voluptates ab dolor sit. Tempora sint incidunt magnam est sit ut minus.','1980-05-11 13:57:32'),(830,156,166,'Doloremque saepe sit explicabo natus expedita expedita sit. Voluptatem magnam dolorum perspiciatis et saepe dolor expedita. Illum hic ratione quibusdam omnis saepe voluptates. Tenetur illum corporis natus eius.','1970-11-19 21:58:58'),(831,157,180,'Omnis et eum quia in doloremque. Amet placeat ut ratione libero architecto pariatur in. Ab autem et quidem. Totam enim molestiae veniam sed aut.','1992-01-16 10:57:40'),(832,161,175,'Ipsa eius odit et quos. Voluptates sed quos id. Aut quidem esse eos nulla ut doloremque. Dolor perferendis aut quia ut.','2001-01-16 03:41:26'),(833,162,137,'Vero beatae saepe quia recusandae iste doloremque qui. Et cum ipsa ipsam possimus et qui accusantium id. Qui error quo dolor voluptas. Fugit eum assumenda pariatur incidunt iste.','1986-07-22 18:36:09'),(834,163,162,'Mollitia eaque dignissimos sit voluptatem ducimus. Enim sequi iste repellendus facere a iste accusamus. Ipsa suscipit corporis sed quos eligendi. Culpa distinctio veritatis necessitatibus error magnam deserunt.','2002-12-17 16:41:03'),(835,165,181,'Nobis praesentium aut unde quaerat tempore. Aut sit minus voluptatum saepe qui id. Consequatur illum voluptatem ea aut cum adipisci voluptates.','1976-08-03 08:11:09'),(836,166,156,'Inventore sed officiis qui sed. Ducimus aut illum sunt ipsum beatae odit reprehenderit. Rerum aliquam at dolor eveniet ex aperiam. Ut ipsa nihil quia quae et.','1992-04-02 22:02:42'),(837,167,115,'Ut nisi nisi et debitis qui cum et. Minus vitae sit dolore amet. Consequatur repellat fugit amet voluptatem officia et quas. Quod nemo at asperiores dolor. Deserunt earum corrupti facere quo incidunt dolor.','1989-04-20 16:13:39'),(838,168,128,'Autem dolorem expedita veniam aut suscipit. Tempora possimus voluptatibus enim est. Laborum libero laudantium quibusdam vero.','1991-03-31 17:06:27'),(839,174,137,'Maiores pariatur qui veniam omnis. Quia non impedit at quia ipsum et et. Eveniet id qui consectetur tenetur et magni magni suscipit.','2010-10-29 05:48:47'),(840,175,111,'Dolor consequatur hic dolorem sint in dicta et. Sequi vitae repellat laudantium ut qui enim nihil. Voluptatibus sit minima dolorem.','1971-10-01 19:32:09'),(841,178,1,'Quia aspernatur quisquam vel beatae aspernatur omnis. Non sit totam debitis consequatur adipisci consequuntur. Voluptas perspiciatis aut eos quam eos. Autem consequatur illo iste at provident. Ut corrupti debitis neque tenetur vel et aperiam.','1982-05-12 09:55:53'),(842,179,129,'Molestias placeat et sequi amet aut. Iusto tenetur mollitia incidunt corporis. Quod odit qui est et blanditiis aperiam nemo. Aut quod dolor molestias rerum.','1986-09-03 14:52:56'),(843,180,111,'Occaecati officia reprehenderit qui repudiandae. Beatae enim qui rerum veniam at. Non placeat est recusandae id natus dignissimos totam.','1978-02-06 04:21:15'),(844,181,102,'Minus adipisci omnis aut aut est ea quae. Fugit expedita explicabo earum hic illo rem nulla delectus.','1976-04-30 04:59:19'),(845,182,153,'Facere et assumenda error quaerat odit. Ab dolores occaecati sunt quaerat. Ipsum ut nulla omnis officia maiores.','2008-10-15 11:34:09'),(846,183,102,'Possimus perferendis molestiae nihil minima mollitia. Odio magni ut tempora est dolor. Esse dolorum id et ab est atque. Magnam laboriosam animi aspernatur totam.','2020-01-05 12:53:02'),(847,185,141,'Cupiditate corrupti magnam magni consectetur in dolore. A laudantium quia necessitatibus pariatur dignissimos rerum. Enim ut nesciunt qui corporis voluptatum id quidem. Veritatis facere illo similique fuga amet consectetur.','2001-07-27 09:08:52'),(848,186,129,'Occaecati doloremque omnis facilis porro. Assumenda repellendus molestiae quos doloremque voluptas laudantium quam et. Non quaerat temporibus voluptate assumenda saepe nam itaque.','1970-12-11 13:26:06'),(849,189,141,'Quod ut et consequatur necessitatibus ducimus quo maxime. Et laborum fuga quis odit voluptatibus nostrum. Sunt dolore aliquam occaecati quaerat perspiciatis.','2002-01-17 13:08:53'),(850,190,148,'Aut et fugiat labore. Molestiae ut minima dolor sit earum debitis. Debitis inventore itaque ipsa harum explicabo aut itaque. Repellendus dolor aut in voluptatibus a fuga voluptates.','1994-05-30 14:50:35'),(851,191,168,'Sed est ducimus ipsa adipisci dicta. Deserunt quisquam voluptatem laudantium commodi omnis. Non quia vel nulla in molestiae quasi aliquam.','2006-10-26 04:09:21'),(852,193,122,'Odit nesciunt doloremque tempora impedit quasi ipsa quos. Doloribus nemo asperiores dicta explicabo quam et. Dolorem ut at sed praesentium.','2006-10-07 08:06:38'),(853,195,141,'Suscipit dolor ea sit et ut magni ratione. Autem harum minus labore provident nihil. Ea itaque et officiis reiciendis.','1989-03-24 09:43:34'),(854,196,135,'Dolorem aut odit alias eligendi inventore aut. Porro adipisci cum voluptas et quibusdam. Qui consequuntur incidunt voluptatem aliquid. Et ut magni provident mollitia quisquam cupiditate praesentium.','2005-09-04 18:08:19'),(855,197,191,'Rerum consequuntur et dolor sapiente nam voluptatem animi. Dolorem autem dolores quaerat eos quia illum ab. Minus ut itaque et dignissimos qui. At aut dolorem enim consequuntur.','2005-12-24 00:45:32'),(856,198,179,'Tempora dignissimos voluptatem exercitationem reiciendis. Ipsam blanditiis ipsa non sequi magnam voluptas. Sit tempora aperiam non sunt maxime autem eum. Quia dolore veniam velit quis. Blanditiis ut ut voluptates repellat explicabo sed cupiditate.','1986-11-17 20:14:40'),(857,1,144,'Alias aperiam libero sequi itaque magni animi nostrum. Vel voluptatem natus ipsa aut non. Nisi esse deserunt eum quia nihil atque dignissimos officiis. Omnis nisi sed sed animi qui vitae.','1974-04-17 01:53:26'),(858,101,193,'Ea sit amet officia. Harum laudantium ut sit qui officiis. In aut nam modi magni voluptas.','2017-01-19 01:02:18'),(859,102,117,'Et repellendus quos aut sequi magni. Quam similique autem modi asperiores perferendis cupiditate. Labore ut voluptates corrupti perspiciatis.','2007-06-08 07:47:39'),(860,103,161,'Eos sapiente quaerat sequi id dolorem qui. Voluptas error cum quos animi.','1975-06-04 11:39:00'),(861,104,166,'Voluptatem pariatur magnam velit sit ipsum. Voluptates tempore numquam aperiam laborum molestiae ab eveniet. Rerum repellat commodi odit perferendis. Dolore provident ut odio eos veritatis exercitationem accusantium. Vel blanditiis omnis voluptatibus modi quia.','1980-01-26 01:21:02'),(862,105,179,'Sit enim tenetur sequi et ea. Sint consequatur voluptate recusandae sunt minus velit temporibus. Rem aut dolores adipisci eveniet iusto. Voluptas modi provident voluptate nemo delectus tempora illo sequi. Dolorum praesentium qui et quia nobis ipsa minima.','1974-05-05 07:35:47'),(863,106,180,'Consequatur quia sit reiciendis. Natus ipsam aut quo. Aut inventore aliquam eius saepe libero et eaque. Qui excepturi dolorem eaque ab dolor id nam.','2018-01-03 02:53:20'),(864,108,117,'Et sunt corrupti commodi doloremque eius sint. Rerum eligendi voluptates animi perferendis.','2013-05-27 10:17:20'),(865,111,141,'Mollitia quia eum sit et rem eius quae. Aliquam veritatis pariatur tempore accusamus sit et consequatur. Et dolores quia beatae sequi amet. Suscipit autem a porro ab nesciunt aliquam.','1997-11-11 04:19:25'),(866,115,102,'Praesentium eius autem voluptas accusantium repudiandae qui eos. Voluptas sit laborum et ad fuga fugit. Voluptas officiis culpa id molestiae incidunt illum. Tempore enim et cum cumque.','1970-10-01 15:06:26'),(867,116,181,'Et iste non quibusdam voluptates commodi. Eaque sint ipsam dicta beatae quis adipisci consequatur qui. Corporis repellendus molestias aliquam explicabo sit est. Excepturi officiis id facere vero voluptas.','1971-02-25 09:20:14'),(868,117,189,'Adipisci laudantium asperiores voluptates. In et expedita ipsa amet ut doloremque. Enim doloribus molestiae aut ipsa libero. Ut ut excepturi laborum officia eos et et.','2015-06-10 12:53:26'),(869,118,153,'Eligendi dolorum amet quas quia fugit dolor reprehenderit. Est voluptatum quod id voluptate aspernatur inventore est. Totam doloremque cupiditate libero minima. Ratione voluptatum earum ratione.','2019-10-19 15:19:57'),(870,120,181,'Omnis quidem quisquam ducimus quas fugit. Quia eius est a id vitae. Excepturi voluptate non explicabo laudantium natus et.','1997-02-07 16:08:16'),(871,121,120,'Quaerat sint molestiae eius id aut vitae modi. Vero et deleniti aut voluptatem nostrum. Aut vitae eos occaecati repudiandae nesciunt a asperiores. Quia deleniti placeat dignissimos qui eum.','2007-12-15 15:53:03'),(872,122,181,'Sunt doloremque nam ex error enim. Qui repellendus veniam ad commodi est qui. Nam odit magnam reiciendis id et.','1999-06-02 08:43:38'),(873,123,180,'Repellat doloribus qui expedita qui totam doloremque corporis nostrum. Quis voluptatum ut amet nostrum quod omnis. Libero non est itaque repellendus aspernatur consequatur quod.','2014-12-18 19:42:48'),(874,125,125,'Adipisci eos maiores nesciunt. Culpa ut qui quos nam ipsum ea eos. Est accusamus impedit est sed voluptatem.','1985-04-27 08:08:04'),(875,127,185,'Ullam omnis doloremque dignissimos qui. Omnis voluptates architecto ipsam alias ut. Et voluptatem recusandae id rerum odio eius. Dolorum est reiciendis ipsa et vitae ducimus.','1972-06-07 02:40:36'),(876,128,148,'Ut consequuntur atque facilis ex qui quia ipsum rerum. Est doloremque quas ea in. Voluptate aut eos porro.','2010-12-21 05:43:27'),(877,129,179,'Sequi esse eum quia illo. At reprehenderit ipsam qui aut perferendis facere impedit. Id omnis sunt eveniet impedit. Dolores voluptas illum ut amet ratione tempore non.','2017-06-15 03:23:06'),(878,131,162,'Vel qui labore aliquam occaecati sunt voluptas exercitationem. Voluptates perferendis consequatur sit soluta sed. Suscipit qui molestias optio suscipit repudiandae. Totam excepturi occaecati explicabo voluptatem.','2008-06-29 18:55:58'),(879,133,179,'Impedit necessitatibus soluta ipsa harum quo porro non. Consequuntur molestias possimus illo consequatur quo ut. Sed omnis voluptatem sint est rerum et dolor. Eos maiores sunt magni vel voluptatem eos.','1991-04-04 19:30:56'),(880,134,102,'Sit esse est qui aut ut consequuntur eaque. Voluptatem aliquid optio ut dolore est quidem quo maxime. Minus nihil pariatur maiores at voluptas nisi id inventore.','1997-01-03 09:48:24'),(881,135,116,'Animi corrupti est eligendi soluta rem. Eius molestiae minus et alias earum corporis est. Quisquam eum et iure sequi corporis.','2001-01-15 05:52:50'),(882,136,133,'Consequatur id enim error sequi. Et sint deleniti nemo incidunt ut vel et. Unde et dolor eum voluptates. Culpa veniam praesentium ducimus non autem sit iusto.','1974-09-06 10:00:55'),(883,137,141,'Minima optio dolores non facilis beatae quas aut. Quos aut recusandae eveniet dolor quos est sed. Adipisci repellendus laborum modi blanditiis iusto.','2004-09-29 19:50:11'),(884,140,186,'Iusto maxime dignissimos pariatur animi quod officia. Quia fuga ut asperiores neque labore id. Animi et voluptatibus alias accusantium adipisci qui. Occaecati ex dolor assumenda sit est temporibus quas.','1994-04-24 20:36:20'),(885,141,154,'Culpa suscipit quos id modi. Qui corrupti magni soluta nihil. Quia omnis eius placeat.','2021-06-05 20:21:39'),(886,142,166,'Amet maiores repudiandae sed repellendus et. Doloribus autem qui voluptas et. Quos reiciendis nihil ea ut. Eos explicabo cupiditate molestias soluta impedit.','1988-01-25 02:35:17'),(887,144,197,'Sit et ut aut pariatur non autem. Maxime autem dolorem repellat et. Tenetur rerum laudantium laboriosam alias sunt quia numquam. Rerum tempora porro consectetur.','2017-01-06 02:06:53'),(888,148,128,'Vel qui et id dignissimos. Modi in cupiditate fugit in et aut. Quod sunt fugiat voluptates eaque. Culpa aspernatur et ut dolore perferendis.','1977-07-29 19:29:48'),(889,152,186,'Natus quisquam enim amet natus nam deleniti. Nostrum temporibus ratione debitis odit. Nam accusantium alias incidunt ducimus corporis.','2007-08-04 05:39:53'),(890,153,133,'Officiis ut rerum vel ea cupiditate et aut. Sed itaque et occaecati sunt. Adipisci consequatur dolorem sit. Assumenda non rerum veniam quia.','1976-10-25 04:56:58'),(891,154,122,'Saepe sed eum corporis voluptates. Aperiam id saepe dolorem voluptatem consequatur saepe occaecati. Dicta fugit tempora qui eligendi repellat accusamus voluptatem.','1970-05-22 20:44:18'),(892,155,140,'Omnis vel molestiae quos quas eaque. Recusandae animi autem placeat nisi a. Eaque ipsum expedita voluptas nesciunt repellendus quam. Ut dolore repellendus aut et quas.','2009-03-21 18:21:41'),(893,156,148,'Aut et voluptatem unde dolores omnis aut. Eos ducimus corrupti perspiciatis in aut. Ut qui vel vitae vel. Soluta est sint quod recusandae.','2017-01-07 02:06:39'),(894,157,127,'Dolorem labore esse ducimus ut sit eaque distinctio. Ea eum aut aut nihil iusto. Nemo suscipit quia voluptas earum.','2016-10-12 19:41:39'),(895,161,178,'Molestias illum impedit enim aut iste cupiditate debitis. Placeat delectus architecto voluptas laborum excepturi. Deserunt error excepturi magnam dolores est. Quia quia eum accusantium libero eaque quasi earum dolor.','1971-03-26 15:11:00'),(896,162,116,'Omnis maxime fuga aliquam dignissimos beatae. Voluptas aut voluptates id voluptatem ab quis nesciunt dolores. Quas et esse hic similique. Et assumenda nihil blanditiis quibusdam.','1983-03-25 01:00:00'),(897,163,178,'Quas possimus ut ut voluptatem id error ea. Aut mollitia quibusdam dolor recusandae exercitationem ea.','1986-07-01 21:01:12'),(898,165,134,'Voluptatum nihil quaerat perferendis earum ut. Qui vel magnam et consequuntur aut. Quas nostrum dolores ducimus ut aut et.','1977-11-22 02:28:49'),(899,166,136,'Et tempora sapiente debitis ut voluptas error id. Qui laborum ut libero maxime. Voluptatem voluptas aut dolor sit quisquam est est. Quisquam eius est vel.','1988-06-08 01:53:39'),(900,167,182,'Et voluptatem sed praesentium libero voluptatibus consectetur ut quam. Eaque voluptates voluptatem reiciendis magnam maxime non. Sequi minima sequi ut sed voluptatem. Tempore cum dignissimos aut dolor excepturi.','2002-09-29 21:39:23'),(901,168,106,'Quasi fugiat quos dolorum voluptas. Voluptatem quia ab deserunt omnis sed. Non quis et omnis ea. Id voluptas repellendus corrupti velit.','1971-08-12 10:38:52'),(902,174,155,'Sequi nisi iusto voluptates totam voluptatem autem eius. Suscipit sapiente fugit laboriosam. Possimus repellendus beatae consequatur qui ad similique omnis. Rem sed qui nesciunt magni similique laboriosam sit.','2002-03-03 03:36:02'),(903,175,108,'Non officia et ut sed expedita sed dolorem rerum. Adipisci deleniti et voluptatem. Quibusdam consequatur ipsam et molestias molestiae vero dolor. Sint et esse inventore debitis voluptates.','1997-05-22 23:02:29'),(904,178,181,'Commodi fuga laborum vitae vel quam quis mollitia. Fugit quia nesciunt sint perspiciatis dicta voluptatem ad. Iusto ratione quaerat quae dolorem debitis quidem.','1974-08-30 21:37:20'),(905,179,102,'In amet ab sit culpa aut excepturi. Vel voluptatem odio atque veritatis voluptate. Incidunt et minima placeat iste voluptatem.','2016-05-30 07:23:22'),(906,180,103,'Qui voluptas quisquam dolore nesciunt laborum. Voluptatem quasi facere minima labore nostrum. Esse illum qui perspiciatis est earum id provident.','2002-03-01 13:50:31'),(907,181,118,'Illo aperiam qui aut architecto similique modi. Sint consectetur velit ut aliquid quasi id harum. Et aut molestiae nesciunt.','2000-05-06 14:52:14'),(908,182,104,'Ut eum natus perspiciatis. Vel explicabo inventore laboriosam omnis omnis facilis animi. Magni sed aperiam voluptate.','1992-03-27 08:41:29'),(909,183,108,'Maiores enim in sequi occaecati. Architecto nostrum voluptatem voluptates dolores recusandae minus.','2017-01-25 08:59:32'),(910,185,140,'Cupiditate dolores incidunt exercitationem quis odio. Et vitae fuga atque ipsum sequi. Fugit ea asperiores impedit harum fugit nihil et nobis. Non quia nam soluta enim eum. Culpa possimus ipsa qui esse.','2000-12-27 22:11:39'),(911,186,191,'Cumque commodi quis et commodi aspernatur voluptate ut placeat. Soluta nihil qui repudiandae. Expedita veniam mollitia facilis aspernatur non delectus temporibus.','1983-01-02 12:30:34'),(912,189,163,'Repellendus dignissimos numquam sint in aut. Totam sed velit voluptatem est cupiditate ipsum est. Rerum rerum saepe est optio dolores ut. Doloribus enim esse qui dolores dolorem autem.','2016-11-30 09:51:59'),(913,190,133,'Mollitia laudantium est repellendus tempora qui laboriosam quaerat. Esse libero aut voluptatem tenetur et magnam nisi. Architecto aut corrupti omnis rerum praesentium totam mollitia. Eligendi sed impedit explicabo ut aliquid sed.','2001-08-18 19:03:09'),(914,191,196,'Nemo sit aliquid ut quia consequatur autem. Nemo voluptatem et dolores aut officiis labore. Accusamus est at at cum eum delectus.','1970-07-17 12:59:37'),(915,193,157,'Sed id magnam culpa aut et. Consequatur aut sapiente beatae sapiente libero blanditiis. Est eligendi qui ut nisi nam.','1991-12-05 19:08:39'),(916,195,175,'Eligendi modi et est harum nisi. Corporis nam aliquid quisquam eius aliquam rerum. Est magnam cumque sit et sapiente expedita. Dolor laudantium repellat quia id et vel et.','1975-10-14 16:28:15'),(917,196,198,'Dolores quia occaecati nihil in. Eum vel ipsum magnam quo blanditiis necessitatibus dignissimos quis. Tempore sapiente dolorum aut sit. Id nihil officiis vel exercitationem.','1985-02-08 17:38:35'),(918,197,106,'Labore quia quaerat blanditiis. Et earum quis laboriosam nobis dolore animi minus. Earum porro in dicta aut quisquam voluptatibus consequatur. Qui in provident architecto sapiente.','2003-08-27 22:14:14'),(919,198,153,'Sit beatae reiciendis earum amet culpa vel nobis. Et recusandae similique inventore debitis animi. Modi deserunt quas rerum fugiat quis. Sunt ipsum provident dolores vitae soluta et.','2010-03-08 20:26:14'),(920,1,183,'Vero facilis sit suscipit accusantium. Debitis ut impedit recusandae. Perferendis fugit molestias officiis consequuntur consequatur nisi iusto non. Quia atque accusamus dolor veniam eveniet culpa accusantium. Nesciunt nobis veniam enim iusto harum asperiores.','2013-08-13 23:43:15'),(921,101,166,'Magni placeat non adipisci aut sed explicabo. Reiciendis molestiae harum repellendus aut est quibusdam doloremque. Eum dicta nulla et tempore. Quia officia sit quia illo omnis dolores enim.','2021-07-15 05:03:24'),(922,102,174,'Veniam molestiae qui nemo aut reiciendis veritatis perspiciatis voluptatem. Quidem molestias et ea nulla possimus dolor. Aut voluptatum reiciendis et qui. Id optio totam nisi qui dolores.','1992-09-27 11:51:29'),(923,103,127,'Architecto ut dolorem est animi. Eius quia velit voluptatem earum voluptates quia architecto. Odio quis ea a ab ea commodi.','2019-07-11 21:51:43'),(924,104,122,'Quia neque placeat adipisci veniam qui neque. Officiis sed modi odio vero. Nam qui numquam aut quod.','1986-10-10 21:10:41'),(925,105,155,'Ex culpa iste ex consequatur. Vel sed sit magnam aut harum sequi ut corporis. Officiis quidem officia perferendis aperiam doloremque. Quia doloremque eaque excepturi nisi et dicta. Excepturi quod aliquam nihil voluptas.','2001-12-02 09:16:52'),(926,106,105,'Quia doloribus nam rerum. Sit et suscipit officiis sequi modi itaque sequi. Consequuntur consequatur magni aut tenetur accusantium.','1973-03-09 09:04:25'),(927,108,106,'Nobis ab quo ut tempore modi aut. Asperiores saepe cupiditate incidunt. Id ut est consectetur est.','2020-02-17 20:14:56'),(928,111,185,'Debitis voluptate ullam aut reiciendis hic. Et et ut nemo suscipit temporibus. Odit rerum rem rerum aut quo. Adipisci iusto enim rerum repellat in.','1995-12-09 17:19:40'),(929,115,190,'Enim provident accusantium quibusdam blanditiis voluptates odio sapiente. Quidem deserunt at ea magni est eius officia rem. Molestiae nisi nulla repudiandae error quae. Veritatis a laudantium omnis.','1998-03-07 04:42:29'),(930,116,185,'Doloribus sunt a deleniti explicabo et reiciendis praesentium. Dolorum nobis error et cumque qui enim odit. Assumenda aliquid reiciendis accusantium eligendi accusamus sunt. Neque et eaque at quibusdam temporibus dolor ipsa.','2010-01-23 07:14:32'),(931,117,105,'Odio voluptatem omnis qui iure ut quaerat doloribus. Voluptatem et consequatur quasi est vel sint. Sed est omnis occaecati voluptas impedit quis.','2009-06-30 20:35:27'),(932,118,198,'Perspiciatis non voluptatem eveniet ut qui reiciendis. Quis doloremque sunt officiis illum omnis. Harum vel rerum tempora rerum eum recusandae ea. Rerum atque commodi porro adipisci non voluptas libero corporis.','2018-12-12 19:08:03'),(933,120,103,'Dolorem sed est itaque eveniet possimus omnis perspiciatis. Minus labore non veniam et rerum ad. Id quos qui sit nam. Inventore debitis assumenda exercitationem dolorum.','1996-09-04 21:18:33'),(934,121,116,'Recusandae veniam vel iusto dolor. Dolorum eveniet nulla et sed ut eos. Ex fugit ut repellat accusamus. Ut voluptatem placeat non placeat.','1975-01-20 02:53:22'),(935,122,166,'Quam commodi omnis ut dolor. Ut doloribus molestiae non et impedit repellendus. Aliquam eum voluptate repudiandae consequatur. Qui et ducimus magnam rerum placeat aperiam.','2009-06-05 09:46:49'),(936,123,195,'Suscipit amet rem consequatur veritatis fugit rerum. Repudiandae enim quos quis autem. Facere sit doloribus ea esse ad qui voluptas blanditiis.','2015-01-27 04:40:22'),(937,125,125,'Voluptatem et repellat sed harum. Ut dolorem autem mollitia et voluptate eum. In eos id aut dolorem et perspiciatis. Nobis voluptas et ut doloribus autem porro ea quos.','2011-10-22 15:42:19'),(938,127,174,'Id illo magnam omnis cum et. Totam dolor illo qui eligendi. Porro quasi quisquam corporis aliquam aut.','1983-03-29 02:04:06'),(939,128,181,'Non sed aliquam ea. Sit at nesciunt eaque et nisi natus voluptas. Similique suscipit inventore similique provident odit id quia eius. Quo qui magnam necessitatibus ut tempore omnis.','1999-02-10 00:52:05'),(940,129,103,'Quam porro occaecati qui explicabo voluptatibus sit est. Necessitatibus consectetur distinctio consequatur tenetur at voluptatem a. Iste provident sequi eaque enim dolore praesentium quia.','2013-09-02 22:28:00'),(941,131,129,'Qui porro tenetur natus sed. Laudantium non quia et nihil. Numquam nihil ipsa fugiat autem saepe.','1990-06-17 00:15:47'),(942,133,152,'Optio sit possimus architecto. Neque animi ipsa dicta aliquam. Vel qui molestias illum eos minus. Velit excepturi quo officiis aut possimus et.','1990-06-16 18:58:26'),(943,134,175,'Est vero et excepturi. Aperiam sed tempora fuga. Et et repudiandae quo voluptatum culpa. Aut iusto ab rerum fugit accusamus at. Natus deserunt ducimus qui sed totam ex id.','2015-08-13 11:48:29'),(944,135,129,'Dolores consequatur modi consectetur perspiciatis dolor aperiam optio. Quia sint minus quo tempore aut aut labore.','2007-10-05 19:18:56'),(945,136,157,'Omnis accusamus et accusantium quasi sed. Et dolor optio corrupti iusto praesentium possimus. Dignissimos quidem sint dolores a quae est unde minus.','2005-01-27 22:37:29'),(946,137,128,'Occaecati quas et ipsum accusamus nobis. Necessitatibus corrupti quo sit sit est dignissimos consectetur. Exercitationem quo nemo et veritatis vel modi modi.','1998-12-20 18:30:42'),(947,140,118,'Officiis voluptates possimus non dolorem itaque provident. Fugiat id accusamus recusandae et sit odit et molestiae. Laborum ut ut aut veritatis molestias ea. Voluptatem nostrum quaerat eveniet.','2021-01-08 20:35:06'),(948,141,118,'Voluptatem excepturi est dolores qui. Maiores consequatur doloribus eos cumque autem odio doloremque nihil. Quas sint quam dolorem omnis laboriosam.','2017-04-23 06:41:40'),(949,142,163,'Sequi et dolore dignissimos sit eligendi quasi id. Molestias voluptatem dolorem dolores et quae. Omnis sequi molestias quos placeat repellat iure. Id et enim officiis magnam.','1975-12-25 06:02:08'),(950,144,131,'Saepe deleniti libero tenetur ex vitae iste esse veritatis. Qui molestiae quisquam mollitia ea. Tempore nam velit atque et consequatur.','2015-07-15 22:29:46'),(951,148,179,'Expedita qui laboriosam perspiciatis. Expedita quibusdam ad nulla ad nesciunt temporibus. Commodi hic cupiditate ea ad et. Deserunt tempore nesciunt doloribus ut eaque.','1978-11-30 03:59:13'),(952,152,155,'Ullam qui dolor suscipit a a corporis modi perspiciatis. Quasi dolorem ratione quidem a asperiores fugit et. Eveniet sapiente natus autem voluptatem. Provident quam dolore vel error molestiae non eligendi.','1979-01-22 20:31:47'),(953,153,137,'Qui tempore nisi iste odio quae. Velit eos vel sunt tempora at. Voluptas labore vero dolor magni odit consectetur.','1984-01-02 18:38:18'),(954,154,102,'Nihil cumque sed hic voluptatibus hic quis distinctio in. Natus illum eum explicabo sit iure sint. Qui mollitia voluptas commodi fuga. Qui quibusdam ex incidunt dignissimos.','2011-06-27 09:09:13'),(955,155,120,'Dolor quia quos saepe. Aliquam nisi tempora mollitia neque voluptatem repudiandae. Dolores perferendis quisquam harum qui. Nulla omnis quo incidunt.','1971-04-23 02:29:12'),(956,156,102,'Nam doloremque distinctio autem voluptatibus esse. Deserunt error enim ut magni. Ab unde at et excepturi dolores aut rerum. Quisquam omnis veritatis veritatis ut explicabo quisquam qui. Culpa quos quaerat velit veritatis et perferendis.','1988-01-09 05:30:00'),(957,157,196,'Modi enim provident voluptas iusto molestiae et repudiandae. Cum temporibus sequi autem quia. Rerum voluptas incidunt ut.','2012-07-14 17:24:42'),(958,161,166,'Distinctio delectus beatae voluptatem minus corporis unde. Iure ea et numquam quaerat praesentium quisquam laudantium. Et qui aut omnis et aut. Ea eius enim quisquam et cupiditate. Quaerat inventore et facere in ut est deserunt aut.','2002-05-21 06:30:18'),(959,162,148,'Commodi id facilis et tempora ex. Dolores et sint quia nihil perspiciatis labore sed. Qui dignissimos enim corporis nam. Est ea est quia tempora.','2007-09-28 03:55:14'),(960,163,117,'Quaerat amet vel sit dolore sed facere. Porro sequi pariatur nisi qui. Aperiam dolores saepe beatae voluptatem quisquam aperiam et.','2014-12-03 07:18:36'),(961,165,104,'Veritatis consectetur illum enim ducimus qui. A recusandae voluptatem consequatur incidunt illum eum. Quae veniam ut aperiam velit aut. Laborum accusamus at numquam quo culpa voluptates saepe officia.','1980-10-06 17:38:19'),(962,166,166,'Omnis dolore vel repellendus molestiae est. Molestiae voluptas eum deleniti aut. Ea omnis quia quia. Dolor quod molestiae repellat explicabo. Est et ipsa dolor optio aut laboriosam eos.','2000-09-13 00:23:07'),(963,167,117,'Sed quo laborum qui maiores earum fuga. Facere rerum eos amet ratione. Totam sed assumenda nemo. Est quis veniam aut fuga alias quia velit.','1980-03-09 08:09:42'),(964,168,162,'Aut magnam veritatis eum explicabo animi mollitia quo. Voluptates quia nisi itaque molestias atque. Quo dicta quisquam laborum.','1990-11-26 01:43:04'),(965,174,157,'Qui nam laborum minus amet iure est. Rem sed voluptatem voluptatum eveniet. Soluta voluptas a illum. Libero dolor ab sapiente quo.','2010-03-14 15:06:38'),(966,175,190,'Quas doloribus provident quia similique. Unde qui non eos animi necessitatibus harum. Quidem vel dicta esse voluptas. Ut esse aut voluptatem fuga aliquam.','1985-10-11 17:52:43'),(967,178,133,'Sapiente deleniti nemo quia a. Est commodi et soluta nostrum id quisquam. Aut ratione temporibus id quo cum ipsa eum.','1986-12-13 03:29:31'),(968,179,178,'Quidem nisi mollitia ipsam praesentium necessitatibus nostrum qui. Magnam adipisci eum expedita fugiat maiores. Dolores quia est ex sint et voluptatem et.','1984-02-20 21:41:59'),(969,180,190,'Impedit rerum ducimus consequatur officiis quis voluptatem. Qui adipisci ipsum quis id omnis rerum.','1978-10-25 17:04:05'),(970,181,185,'Esse error fuga magnam laborum est itaque sunt. Ea temporibus nostrum est cupiditate accusamus. Et eveniet quod et pariatur laudantium.','1995-07-26 17:53:36'),(971,182,197,'Est cum ipsa vero nihil sint et. Natus iste inventore magnam aut et dicta rerum. Omnis recusandae molestiae voluptatum corrupti. Inventore fugit ut odio dignissimos quod dolorem.','1976-09-07 00:46:19'),(972,183,135,'Et et a placeat odit quibusdam quam dolore. Quidem eius qui neque aut perferendis voluptatibus voluptate. Voluptatem quae autem incidunt inventore ea.','2016-09-12 07:30:28'),(973,185,120,'Nesciunt voluptatem sequi at quibusdam excepturi aut quia. Id eum et impedit quasi quaerat quo enim tenetur. In nihil voluptatem perferendis consequuntur. Et in iure repudiandae molestias ut in et.','1983-07-29 16:10:10'),(974,186,198,'Et autem officiis rem repudiandae unde quas. Eos nam labore sint fugit accusamus. Et fugiat ea veritatis. Alias aperiam nulla natus dolorum non modi culpa nobis.','2010-05-18 06:01:22'),(975,189,135,'Veritatis doloribus architecto quod sed. Ad asperiores quo et commodi atque molestiae.','2004-07-18 02:14:35'),(976,190,153,'Assumenda sed voluptatem ratione rerum id sint. Libero unde magni qui et aperiam. Quia quibusdam et incidunt qui quas ducimus. At saepe corporis esse assumenda minus dolor aut. Hic illo cupiditate voluptatem suscipit est.','1970-03-10 04:11:13'),(977,191,128,'Similique quasi aut id officia perferendis. Blanditiis et aperiam incidunt ipsa sunt quas ut. Omnis nobis nesciunt itaque minima repellendus vitae. Placeat eum in ut minus dolores est at sit.','2001-01-15 02:22:40'),(978,193,153,'Provident earum et exercitationem consequatur. Sit aliquid ipsa aperiam quae. Vero aut et officiis vel et occaecati nulla eum. Commodi esse qui ut qui.','1994-11-19 06:36:54'),(979,195,178,'Quo incidunt officia similique praesentium illo. Adipisci qui sint aut. Dolor voluptatum officia et provident est porro voluptates. Ut dignissimos voluptates recusandae.','2000-12-24 10:44:26'),(980,196,166,'Itaque incidunt occaecati officiis id qui odio qui. Corporis sit dolorem quia blanditiis. Dicta laudantium a amet quidem.','2020-07-02 07:00:30'),(981,197,179,'Sed corrupti est et. Inventore iste laborum repellendus et.','2008-03-04 21:24:57'),(982,198,120,'Asperiores perferendis voluptatum ipsam voluptatem. Est hic voluptatem natus laboriosam et. Molestias voluptatem nihil ullam et doloribus.','2019-07-16 17:04:07'),(983,1,196,'Tempore est nisi architecto. Pariatur architecto eos dignissimos eaque animi omnis reiciendis. Neque non repudiandae ut in veniam dolor.','1998-10-05 10:17:44'),(984,101,128,'Enim quam praesentium velit quo aliquam. Velit inventore aperiam et occaecati veniam sequi quia.','1994-08-19 11:02:45'),(985,102,144,'Quaerat iusto modi consequatur commodi omnis. Quia impedit est doloremque ea molestiae. Eveniet ducimus perferendis cupiditate similique nisi. Sed quaerat magnam consectetur dolores.','1989-11-12 05:01:51'),(986,103,106,'Illo perferendis exercitationem explicabo rem at nobis. Laborum qui reiciendis aliquid voluptatibus molestiae nam. Sunt aut distinctio error architecto accusantium eos esse autem. Fugit ut qui vel placeat. Necessitatibus esse vero dolores voluptates.','1980-11-27 17:14:59'),(987,104,102,'Beatae dolorum et veniam beatae amet. Et illo quia maiores voluptates sed vel.','2005-06-14 04:55:34'),(988,105,193,'Quia modi maiores dolore ad aut doloremque. Neque explicabo non perferendis aliquid quisquam. Quos id eum enim. Libero et ex dignissimos quidem nobis.','1996-06-26 14:02:59'),(989,106,121,'Tempore aliquam fuga asperiores aut minus vero. Similique et praesentium voluptatem quia nulla eum.','2019-10-09 16:29:20'),(990,108,118,'Aut sint ea ex nam. Dicta quo labore consectetur. Porro labore et autem voluptatem.','1990-10-28 19:55:17'),(991,111,165,'Accusamus recusandae nihil quam delectus et officia corporis. Voluptas ducimus sequi quis. Est cupiditate corporis beatae inventore hic cupiditate.','1980-07-06 07:53:44'),(992,115,148,'Nemo accusamus est neque aperiam saepe qui. Accusamus explicabo qui id quidem. Enim ut aut atque quod. Aspernatur porro iure sit vero quaerat.','1979-06-29 21:39:44'),(993,116,133,'Sit et esse sed eum est aut. Est et est cupiditate facilis itaque blanditiis. Architecto suscipit aliquid est. Voluptas esse magni fugit exercitationem cum nesciunt.','1999-04-30 18:33:18'),(994,117,162,'Qui facilis velit non qui facilis suscipit. Quo eum laboriosam harum sit et quo. Aliquam vel aut officiis rerum et. Et quis dolor amet velit minus.','1998-10-16 02:31:48'),(995,118,167,'Consequatur nesciunt ab in. Iste consequuntur qui nobis. Commodi harum ea et nemo cumque dolorem.','1988-11-21 12:20:59'),(996,120,142,'Quae voluptates veniam praesentium quos repudiandae libero officia. Voluptate similique ipsum sunt molestias totam. Quasi tempora autem quisquam deserunt reprehenderit. Et aut est dolor odio.','2021-07-21 21:36:59'),(997,121,142,'Adipisci qui reiciendis iste consequatur. Sapiente et aut non qui molestias asperiores.','1984-06-27 13:03:18'),(998,122,175,'In blanditiis eaque nihil quam. Eos vel consequuntur repellendus. Sapiente autem ducimus quo.','1970-08-22 16:05:25'),(999,123,135,'A omnis inventore adipisci ab. Natus officia exercitationem ut totam. Dolores facere quam iste cumque. Assumenda atque deserunt quo nobis in magnam voluptate.','2006-06-12 20:52:08'),(1000,125,122,'Aliquid a perferendis sint labore qui perspiciatis fuga quasi. Consequatur cumque dolorum eius. Odit at cum laboriosam distinctio.','1995-01-27 00:36:41'),(1001,127,161,'Maiores velit deserunt quos aliquid aut voluptas earum. Vel sit eaque totam dolorem rerum quidem. Rem omnis ut earum soluta architecto consequuntur. Sed sit quo magni provident minima harum qui.','2021-04-01 06:15:54'),(1002,128,106,'Architecto fugit corporis sit qui suscipit. Dolore quasi excepturi rerum iure laborum quisquam eaque. Quaerat architecto non sunt ut.','1974-05-23 00:05:15'),(1003,129,141,'Ducimus laboriosam ab illum inventore quidem maxime. Excepturi et itaque velit veniam. Sint quas provident id dolorum voluptas velit. Fugiat porro at totam nam voluptatem aspernatur fugit.','1992-06-10 12:30:16'),(1004,131,166,'Earum aut repudiandae reprehenderit facere laudantium. Aliquam sint eum quia aperiam et accusantium. Omnis autem libero et nihil. Impedit minus sint quia odit eaque.','1973-03-02 01:02:00'),(1005,133,111,'Molestias dolor doloribus vel labore omnis molestias et. Quod fuga iste quis. Impedit sunt enim numquam nostrum odio. Similique eum quam illum aliquam ipsum nostrum non.','1979-02-21 01:21:19'),(1006,134,117,'Cum quia eos illum pariatur ab minus repellat. Aliquid similique placeat quibusdam. Labore est inventore voluptas commodi aut. Asperiores et qui fuga ut.','1976-11-07 10:53:25'),(1007,135,161,'Fuga aut totam sed dolores odit. Consequatur harum qui molestiae id rerum tenetur. Itaque repellendus sit eos est sed voluptatibus reprehenderit. Quisquam aspernatur dolore fugiat sit est.','2007-03-28 06:11:00'),(1008,136,1,'Inventore voluptatem ab et reiciendis. Ab omnis reiciendis suscipit corporis. Culpa ut quia accusantium quaerat et ut nemo officia. Expedita a dolorem expedita cumque suscipit aut vel.','1993-11-15 03:21:18'),(1009,137,165,'Doloribus voluptas quae dolor id. Voluptas rem consequuntur at molestiae voluptas. Sed voluptatem dicta qui ut.','1991-02-03 13:00:37'),(1010,140,1,'Modi sint est reiciendis est non dolores. Vitae officiis praesentium officia id corporis molestias minus. Ducimus tenetur quia nihil eos sed eveniet laborum nulla. Est harum vero et voluptatum nam.','2002-01-26 09:45:03'),(1011,141,193,'Illo minus ipsum iste reprehenderit. Eius laudantium fugiat voluptas. Est dolor illo voluptatem et sit. Expedita qui rem numquam ut.','1970-04-04 04:41:15'),(1012,142,118,'Et facere corrupti perspiciatis porro quaerat laudantium. Delectus maxime quae veritatis aspernatur nobis. Rem aperiam excepturi ut eum.','1984-12-16 00:29:33'),(1013,144,129,'Quaerat autem in aliquid reiciendis aut earum. Laboriosam occaecati voluptatum vero ipsam ut. Est a vel placeat cupiditate molestias qui fuga.','1976-04-11 14:10:35'),(1014,148,155,'Voluptatibus sunt iusto earum aliquam. Autem cum voluptas aperiam eius nostrum ut odit commodi. Quia illo corrupti ut excepturi quia error. Consequatur voluptas accusamus ut odio temporibus aut.','2009-09-22 01:16:42'),(1015,152,103,'Vel in facilis reiciendis enim accusantium suscipit omnis. Eum facere debitis molestiae vitae.','1986-07-03 12:19:19'),(1016,153,133,'Molestias itaque deserunt sunt magni totam. Molestias optio voluptatibus et unde voluptatem libero ratione voluptate. Eos qui maxime autem odio numquam illo provident quidem. Expedita maiores quisquam saepe tempore atque velit enim.','2013-05-01 09:10:39'),(1017,154,153,'Hic architecto ut possimus voluptatem pariatur et velit. Ea id eum sit est quos accusantium. Non quis quis rerum velit. Ad nobis dolorem rerum qui.','1976-02-02 20:35:28'),(1018,155,190,'Magnam molestiae voluptas corporis. Sint aliquid unde laudantium et mollitia exercitationem aut dolorem. Aut nihil ut praesentium.','2015-07-17 07:38:58'),(1019,156,121,'Est et ut facilis facilis earum sed blanditiis ipsa. Est debitis perspiciatis optio. Possimus earum quaerat sequi et magnam quo est vel. Unde consectetur animi ut et aut quos.','2014-08-09 02:06:43'),(1020,157,195,'Molestiae quaerat omnis et repudiandae. Vitae nam architecto facere architecto molestias officiis. Non sit odit quod eaque quasi doloremque aut.','1972-05-01 03:00:19'),(1021,161,163,'Et rem molestiae ab voluptates est inventore libero dolor. Minus aut aut temporibus neque alias laboriosam eum. Porro rem saepe aspernatur accusamus.','2019-03-12 00:06:02'),(1022,162,167,'Voluptatem dolor voluptas in quia dignissimos inventore. Nisi sit atque qui qui ipsam. Omnis illo iusto iure a. Veritatis placeat sed hic quisquam cumque.','2005-11-25 09:35:36'),(1023,163,104,'Vitae aut expedita assumenda veniam repellat ea. Temporibus autem doloribus praesentium ea voluptate quae. Voluptatem culpa voluptas quos deserunt quia delectus. Molestias assumenda quae suscipit occaecati aliquid dolor dolorem.','1999-08-02 11:53:03'),(1024,165,121,'Fugit est optio doloremque laudantium modi dolorem minus. Laudantium qui ullam maxime autem quidem reprehenderit possimus. Reprehenderit sunt culpa cupiditate aut. Molestiae nisi qui repellendus est sunt.','2013-01-28 04:24:55'),(1025,166,180,'Non aut sint et vel eum tempora. Quisquam error quo reiciendis eveniet ducimus. Odit fugit deserunt autem quibusdam.','1970-11-05 20:26:26'),(1026,167,101,'Praesentium maxime cum quia iusto. Harum perferendis nisi eum. Autem vel esse eum iure quia unde reprehenderit.','2013-11-05 12:46:57'),(1027,168,140,'Inventore magnam dolore dicta. Cumque voluptatum accusamus sint. Recusandae et sequi voluptas nisi quaerat sed non iste. Et reprehenderit aut numquam neque.','1979-06-17 14:42:45'),(1028,174,185,'Sequi dolores delectus aut molestias libero nam. Vel maiores et dolorem et temporibus a ipsam. Incidunt repellat et dignissimos officia.','2010-01-27 21:40:24'),(1029,175,166,'Id fugiat et cumque non et illum amet. Ipsa fugiat sed accusantium laborum adipisci. Quis qui et et sed voluptatem saepe.','1989-07-14 12:43:05'),(1030,178,140,'Mollitia quia sunt ab rerum veritatis. Sint harum et quasi rerum pariatur delectus. Ipsum tempore illo dolor possimus rerum. Mollitia similique sed modi sed commodi.','1997-10-23 07:43:09'),(1031,179,165,'In qui dolor blanditiis dolor vel modi. Nisi est et sint ea nostrum consequatur ipsa nostrum. Dolor et qui nihil qui dolor laudantium voluptatem. Est quia error iusto mollitia quis aut animi non.','1971-08-06 00:53:26'),(1032,180,154,'Fuga dolores fugit possimus quas sit. Quaerat labore distinctio architecto velit fuga ipsum.','1998-05-30 10:23:05'),(1033,181,178,'Quis amet molestiae id omnis sed. Quia quo repellendus vero eum et earum rerum. Quia corporis dolor tenetur eos et odit iusto. Voluptatem dolorem ut qui enim aut non ipsam. Id repellendus ullam et et.','1981-04-28 23:29:48'),(1034,182,111,'Incidunt molestias aut delectus qui in cum modi. Tempora dignissimos dicta et laudantium qui. Qui esse dignissimos architecto. Magnam molestias molestias vel explicabo saepe ratione autem.','1994-12-24 13:01:12'),(1035,183,181,'Qui est et sequi aliquam eius rerum saepe. Consequatur quod doloribus molestiae facilis itaque vero animi.','2010-08-23 15:00:45'),(1036,185,190,'Magni commodi ex et enim consequuntur. Provident ab nisi quo nulla. Facilis quisquam dolorem repellendus dolor suscipit. Amet explicabo unde aut.','2010-10-07 06:48:04'),(1037,186,163,'Rerum sed vitae provident occaecati sed ipsum ut. Officiis iste reiciendis at ut. Non in iure magni sed et repellat enim eius. Eaque cupiditate facere ad molestias et.','2007-08-08 05:22:43'),(1038,189,121,'Suscipit non cum est esse doloribus. Facilis et eveniet et voluptas saepe. Laboriosam facere quas error voluptate deserunt enim voluptatibus. Facere aliquid optio qui dicta aut.','1972-06-11 18:06:21'),(1039,190,105,'Voluptatem quia nisi iusto dolorum vero et minima. Ut natus fugiat hic dolores et aliquid similique. Velit quisquam repellendus saepe ut qui culpa magnam. Sed beatae inventore voluptas et voluptatem.','2004-04-20 05:08:42'),(1040,191,111,'Dolor natus qui reiciendis iusto ullam laudantium deserunt. Ducimus magnam aperiam quia vero. Nam ipsa labore voluptatibus quasi dolor eum a. Corrupti blanditiis exercitationem voluptas.','2003-12-25 17:12:16'),(1041,193,128,'Voluptatem exercitationem dolorem nihil. Qui vel non ut sed eos inventore.','1989-12-21 03:33:55'),(1042,195,190,'Nam culpa in voluptate ratione sequi. Assumenda in natus id velit ducimus. Earum neque et suscipit autem aut.','2016-07-21 15:40:29'),(1043,196,168,'Reiciendis ex sint quasi. Sint nemo sunt labore vero. Eum voluptas in veniam doloremque voluptatem inventore repellendus. Reprehenderit quam accusantium omnis numquam quas est sed.','2001-10-24 04:15:12'),(1044,197,181,'Illum ex iure earum ducimus in eos id. Voluptas labore quia earum. Nostrum explicabo qui qui voluptatem magnam totam error.','1995-03-03 16:20:55'),(1045,198,106,'Corporis eum expedita qui placeat enim facilis. Et consectetur dolorem autem beatae est. Et alias eligendi et.','2003-06-09 15:45:33'),(1046,1,106,'Delectus voluptatibus consequatur temporibus et at non. Sed minima quia ea atque ea quasi. Nostrum molestiae laudantium qui sit consectetur iusto.','1971-12-19 09:36:46'),(1047,101,196,'Id aut qui nesciunt. Saepe id ullam ea nam iusto sapiente neque. Impedit neque ipsum provident iusto praesentium provident.','2005-04-06 09:29:24'),(1048,102,190,'Culpa nam ut saepe dolor. Doloribus et quia tenetur aspernatur sapiente. Eveniet culpa dolor officiis quo architecto occaecati ut. Consequatur porro voluptatem dolor temporibus sit quia.','2002-03-23 14:53:45'),(1049,103,137,'Ab voluptatum et dolorem libero quasi officiis. Assumenda ipsam sed cumque omnis. Ut est non unde consequuntur sed voluptas eius. Sint dolore nesciunt illo modi at veniam ut quisquam. Doloribus rem repudiandae ut dolorem in quaerat et cum.','2007-01-20 19:45:10'),(1050,104,198,'Molestias nihil nostrum ut dolorem rem molestias non consequatur. Molestiae ea unde accusamus quibusdam omnis non sunt cumque. Pariatur adipisci possimus eum error. Est deserunt eaque libero enim officiis dolores veniam.','1989-03-30 19:34:12'),(1051,105,137,'Qui rerum non ab eum numquam numquam vitae accusamus. Sit consequatur velit delectus dignissimos nobis voluptas rerum. Rerum consequuntur autem a temporibus sit sit.','2011-03-29 14:06:52'),(1052,106,179,'Repudiandae enim dolore sapiente harum recusandae esse. Debitis autem modi in culpa vel dolorem necessitatibus. Qui itaque explicabo non quam officiis.','1997-08-07 15:01:30'),(1053,108,123,'Ut aut vel vitae fugit. Aut facilis veniam consequuntur itaque. Voluptatem explicabo ut adipisci iste. Omnis doloremque et adipisci dolor quibusdam deleniti.','1990-12-23 17:24:21'),(1054,111,154,'Officiis ratione at occaecati asperiores. Et aut quia officiis nihil ad. Velit laudantium facilis sunt aut sit.','2019-11-05 19:38:04'),(1055,115,198,'Est quia quis aut rerum. Qui qui inventore aut ut et qui molestiae. Adipisci repellat et esse repudiandae cupiditate fugiat. Iste ad accusantium sint tenetur doloremque eaque dolor.','2021-07-23 10:05:49'),(1056,116,155,'Beatae sequi similique est eveniet. Vero enim totam et aut et sapiente. Nihil accusamus aut a ratione velit illum. Dolores incidunt iste omnis aut quia iusto.','2018-10-23 22:07:31'),(1057,117,111,'Id sequi et similique voluptas. Et eius beatae omnis voluptatem. Quas velit dolores voluptatibus est ea consequatur maxime.','2004-06-09 11:00:42'),(1058,118,181,'Aliquid ratione dicta nisi perspiciatis tempora alias. Excepturi qui libero omnis eum aut. Et asperiores laboriosam esse iure non.','2002-09-03 17:31:42'),(1059,120,123,'Qui deserunt voluptas eum ullam dolor velit. Sit vitae corporis culpa et qui quo odio. Cum aut quos laudantium fuga blanditiis voluptatem pariatur. Dolore eius est beatae repellat inventore vitae.','1980-08-28 05:22:17'),(1060,121,193,'Aut et aut debitis nulla. Laboriosam recusandae sunt quisquam minima corrupti quidem. Fuga atque molestias error nesciunt molestias similique impedit.','2016-10-16 03:03:27'),(1061,122,168,'Reprehenderit qui vero aliquam voluptatem ducimus ut. Nesciunt fuga unde totam itaque consequatur et. Sit quam qui delectus animi. Maiores quia libero praesentium harum optio illum recusandae asperiores.','1985-07-30 21:53:17'),(1062,123,185,'Est adipisci qui dolorem ullam repellendus. Velit eaque dolorum est repellendus. Id in doloremque quis. Aut autem ipsam ab laudantium omnis.','1974-12-07 20:59:50'),(1063,125,193,'Dicta et rerum sint delectus. Accusamus omnis dolor deleniti possimus possimus. Sit ut suscipit veritatis labore. Voluptatibus optio ab laudantium repellat aliquam sed.','2010-04-11 17:41:15'),(1064,127,103,'Beatae aut nihil velit asperiores molestias. Quis harum eos et saepe quam non. Id in est voluptatem omnis cum soluta.','1988-01-20 09:00:28'),(1065,128,134,'Ut aut aut ipsam cumque eos. Quae sit similique quia tenetur fuga qui dolorum necessitatibus. A sit accusantium sequi fugit.','2002-03-08 02:26:18'),(1066,129,133,'Eligendi aliquid est libero est placeat eos et et. Corrupti quasi ut error minus quaerat corrupti et voluptate. Minima qui beatae sunt amet vel voluptate excepturi. Iste eum ratione inventore ab dolorem.','1990-11-20 02:22:53'),(1067,131,198,'Quis doloremque nisi eveniet velit saepe in est. Cupiditate velit aut beatae. Ex placeat voluptatibus aut ut optio saepe. Dolorum occaecati itaque rem autem.','2013-07-10 15:43:42'),(1068,133,141,'Eum qui et cupiditate temporibus. Corrupti placeat odio omnis. Commodi voluptatum incidunt qui iure blanditiis.','1981-12-03 02:02:32'),(1069,134,101,'Doloribus sed non tempora perferendis qui eius. Est placeat quam nesciunt veritatis cumque cupiditate sapiente est. Vitae qui rem non cupiditate maxime facilis praesentium necessitatibus.','2009-11-07 14:57:13'),(1070,135,190,'Nobis omnis ad architecto sint incidunt. Cumque sed molestiae libero sed exercitationem aut. Illum blanditiis quos impedit dolores atque rerum.','1979-03-27 18:36:41'),(1071,136,117,'Alias ab id rerum sed ea. Aut consequatur adipisci ipsa numquam natus aut. Excepturi qui suscipit necessitatibus sed sequi minus ea.','2007-05-21 04:48:25'),(1072,137,163,'Labore minima quis saepe et. Iusto ab earum eius unde ab.','2005-03-13 11:18:15'),(1073,140,180,'Dolore natus adipisci ut quo. Quis repudiandae ipsam reiciendis. Exercitationem amet consequatur corrupti autem aspernatur voluptatum.','1997-11-15 16:14:46'),(1074,141,174,'Aut qui aut quas quidem pariatur optio voluptatem. Sit distinctio vel qui voluptas officia impedit officiis. Illo quia quos est dicta doloribus.','1974-12-20 16:53:04'),(1075,142,195,'Autem est cupiditate aut velit nemo. Laborum laudantium exercitationem omnis consequatur voluptatem voluptas neque. Quibusdam itaque quia quis suscipit non. Iste earum harum rerum. Repudiandae labore at nesciunt.','2010-01-20 18:40:55'),(1076,144,185,'Delectus deleniti est neque nihil. Dolorem ut et quia ducimus nisi. Officia ullam eum placeat omnis aut expedita. Necessitatibus tenetur fuga officia nemo dignissimos et laborum.','1986-04-04 08:41:34'),(1077,148,120,'Dicta molestias molestias rerum asperiores. Dolore id alias ducimus sit soluta distinctio voluptas sunt. Minus sunt sunt accusantium vitae ex modi.','2008-01-22 17:17:50'),(1078,152,116,'Ipsam placeat expedita soluta odit. Id quia eos similique ut voluptatem. Eum aut quis repellendus est repellendus. Soluta consectetur et laudantium fugit ipsa aliquid error.','1994-04-10 13:33:00'),(1079,153,115,'Totam aut qui aut voluptatem. Voluptatibus voluptate aliquid nisi aspernatur quod. Eos et id quasi.','1982-08-13 06:34:50'),(1080,154,117,'Et a voluptatem et quam. Numquam sint unde architecto. Iusto beatae et occaecati quia ratione voluptatem reiciendis. Qui est aliquam facere delectus rerum tempore impedit.','2000-08-14 18:37:26'),(1081,155,165,'Sapiente quos debitis asperiores eos ab. Delectus quam numquam et corrupti quia. Tenetur omnis aut sunt repudiandae provident labore soluta. Vero similique illum quas veniam.','1978-08-10 20:11:42'),(1082,156,125,'Enim fugit dolores ut dignissimos. Libero est rem quo iusto et. Non et est asperiores nemo voluptas beatae quis eum. Distinctio at doloribus et dolore hic.','1975-11-13 15:57:20'),(1083,157,186,'Omnis et ipsum tenetur sunt. Quae quis doloremque repellat iste voluptas. Harum quisquam quas est qui corporis officiis debitis sunt. Veritatis molestias ut quo ut.','2020-11-11 21:31:22'),(1084,161,137,'Doloremque itaque eaque est eveniet facere esse ea aut. Asperiores et ea voluptatem dicta. Ad magni quas dolore consectetur repellat quis facilis. Suscipit dolores sunt odio voluptas.','2012-08-21 08:31:31'),(1085,162,157,'Alias reiciendis ut nam nesciunt. Possimus ipsam unde illo id hic sint eum minus. Optio incidunt quisquam facere neque qui sed velit. Cum iusto ut commodi ab et rerum similique pariatur.','1983-09-10 22:39:26'),(1086,163,117,'Magnam omnis quia sed sapiente dicta a. Voluptatem et sunt reiciendis et distinctio. Voluptatem voluptas ut cum hic itaque corporis deleniti. Aut dolorem aut et et. Illo non eius adipisci eveniet libero sint.','1982-06-17 02:22:03'),(1087,165,193,'Aliquid magni qui consequuntur et. Blanditiis beatae esse ratione perferendis ut dolores. Rerum dolorem quidem odio aliquam magnam. Laboriosam dicta delectus eum quasi minus odio accusamus ut.','1995-01-30 23:12:03'),(1088,166,131,'Similique omnis excepturi repellendus fugit. Fugit vitae quibusdam nobis molestiae. Unde autem sunt consequatur ut. Dicta autem omnis in necessitatibus dicta perspiciatis quasi. Incidunt veniam quis sit non laboriosam.','2015-11-27 09:42:00'),(1089,167,101,'Illum sunt facilis voluptas voluptatibus corporis ea velit temporibus. Eos dicta error temporibus ut quas porro magnam. Harum laboriosam provident nam molestiae rem accusamus ea. Rerum deserunt nihil ipsa numquam officiis iusto.','1970-08-29 11:42:28'),(1090,168,182,'Aut rerum est quo. Quis quibusdam sit rerum distinctio sunt quae. Sapiente voluptatem autem non repellat. Unde maiores corporis eum consectetur. Libero ut et rerum id quia.','1975-04-13 02:44:37'),(1091,174,105,'Sed sed quis unde maiores delectus. Debitis ipsam labore expedita natus itaque et. Sed aut officiis molestias et velit.','1997-09-23 18:19:35'),(1092,175,121,'Quo maxime facere et facilis dolor ut explicabo. Totam expedita odio exercitationem error nihil corporis. Consectetur dolores ex quidem eum aut.','1979-02-02 08:20:25'),(1093,178,120,'Voluptas eaque voluptatem porro sed. Nemo corrupti minus consequuntur quia ut est itaque. Sunt aspernatur qui ad sed culpa. Blanditiis et ut totam. Officiis soluta excepturi ad quod.','1981-07-03 01:26:38'),(1094,179,131,'Blanditiis magnam est sit voluptatem consequatur sunt quo. Voluptatibus sed ipsa eius. Qui ducimus minus est aut vitae amet molestiae.','1972-12-03 11:14:15'),(1095,180,190,'Ipsum doloribus facilis a quos laudantium. Consequatur voluptatibus magnam voluptatibus provident quisquam odit sunt. Harum voluptates dolore dolorem ab doloribus.','1974-01-04 19:20:00'),(1096,181,128,'Delectus at eos neque animi deleniti. Aperiam neque vel laborum porro. Nisi quasi sunt consequuntur non. Voluptatem accusantium quo dolores voluptate veritatis.','2000-06-14 14:05:24'),(1097,182,137,'Velit veritatis quia hic. Illo beatae occaecati minus illum aut modi. Recusandae animi officiis debitis velit dolor.','2015-01-27 20:17:36'),(1098,183,165,'Impedit dolorem quod rerum molestiae ut ut ut. In nihil nemo quisquam eveniet non consectetur. Totam delectus id velit quia eum. Explicabo aliquam doloremque sequi explicabo qui.','1975-03-05 08:55:51'),(1099,185,105,'Qui numquam nostrum laborum. Necessitatibus omnis autem similique eius rem fugit. Fugit laudantium nostrum provident quod quia adipisci.','1985-05-23 19:41:29'),(1100,186,167,'Voluptate deserunt non ratione voluptate vero ab id earum. Explicabo tempora doloremque rem accusantium tenetur ut. Provident dolor aut atque odio qui. Eius voluptatem ipsa quibusdam quis at soluta consequatur.','1995-03-04 21:30:58'),(1101,144,127,'some text','2021-09-18 14:41:12'),(1102,144,127,'some text','2021-09-18 14:41:13'),(1103,144,111,'some text','2021-09-18 14:41:16'),(1104,144,127,'some text','2021-09-18 14:41:17'),(1105,144,196,'some text','2021-09-18 14:41:17'),(1106,144,127,'some text','2021-09-18 14:41:17'),(1107,144,196,'some text','2021-09-18 14:41:18'),(1108,144,127,'some text','2021-09-18 14:41:18'),(1109,144,111,'some text','2021-09-18 14:41:18'),(1110,144,111,'some text','2021-09-18 14:41:18'),(1111,144,196,'some text','2021-09-18 14:41:18'),(1112,144,127,'some text','2021-09-18 14:41:19'),(1113,144,127,'some text','2021-09-18 14:41:19'),(1114,144,196,'some text','2021-09-18 14:41:19'),(1115,144,166,'some text','2021-09-18 14:41:20'),(1116,144,127,'some text','2021-09-18 14:41:20'),(1117,144,196,'some text','2021-09-18 14:41:20'),(1118,196,144,'some text','2021-09-18 14:42:08'),(1119,196,144,'some text','2021-09-18 14:42:09'),(1120,111,144,'some text','2021-09-18 14:42:09'),(1121,111,144,'some text','2021-09-18 14:42:09'),(1122,111,144,'some text','2021-09-18 14:42:09'),(1123,196,144,'some text','2021-09-18 14:42:10'),(1124,111,144,'some text','2021-09-18 14:42:10'),(1125,111,144,'some text','2021-09-18 14:42:10'),(1126,127,144,'some text','2021-09-18 14:42:10'),(1127,127,144,'some text','2021-09-18 14:42:10'),(1128,127,144,'some text','2021-09-18 14:42:11'),(1129,196,144,'some text','2021-09-18 14:42:11'),(1130,196,144,'some text','2021-09-18 14:42:11'),(1131,127,144,'some text','2021-09-18 14:42:11'),(1132,166,144,'some text','2021-09-18 14:42:12'),(1133,111,144,'some text','2021-09-18 14:42:12'),(1134,111,144,'some text','2021-09-18 14:42:12'),(1135,111,144,'some text','2021-09-18 14:42:12'),(1136,111,144,'some text','2021-09-18 14:42:12'),(1137,127,144,'some text','2021-09-18 14:42:13'),(1138,196,144,'some text','2021-09-18 14:42:13'),(1139,111,144,'some text','2021-09-18 14:42:13'),(1140,111,144,'some text','2021-09-18 14:42:13'),(1141,127,144,'some text','2021-09-18 14:42:13'),(1142,166,144,'some text','2021-09-18 14:42:14'),(1143,166,144,'some text','2021-09-18 14:42:15'),(1144,127,144,'some text','2021-09-18 14:42:16'),(1145,127,144,'some text','2021-09-18 14:42:16'),(1146,111,144,'some text','2021-09-18 14:42:16'),(1147,111,144,'some text','2021-09-18 14:42:16'),(1148,127,144,'some text','2021-09-18 14:42:16');
/*!40000 ALTER TABLE `messages` ENABLE KEYS */;
UNLOCK TABLES;

--
-- Table structure for table `photo_albums`
--

DROP TABLE IF EXISTS `photo_albums`;
/*!40101 SET @saved_cs_client     = @@character_set_client */;
/*!50503 SET character_set_client = utf8mb4 */;
CREATE TABLE `photo_albums` (
  `id` bigint unsigned NOT NULL AUTO_INCREMENT,
  `name` varchar(50) DEFAULT NULL,
  `user_id` bigint unsigned NOT NULL,
  PRIMARY KEY (`id`),
  UNIQUE KEY `id` (`id`),
  KEY `user_id` (`user_id`),
  CONSTRAINT `photo_albums_ibfk_1` FOREIGN KEY (`user_id`) REFERENCES `users` (`id`)
) ENGINE=InnoDB AUTO_INCREMENT=101 DEFAULT CHARSET=utf8mb4 COLLATE=utf8mb4_0900_ai_ci;
/*!40101 SET character_set_client = @saved_cs_client */;

--
-- Dumping data for table `photo_albums`
--

LOCK TABLES `photo_albums` WRITE;
/*!40000 ALTER TABLE `photo_albums` DISABLE KEYS */;
INSERT INTO `photo_albums` VALUES (1,'default',1),(2,'voluptatem',101),(3,'perferendis',102),(4,'dolorum',103),(5,'in',104),(6,'autem',105),(7,'recusandae',106),(8,'ducimus',108),(9,'laborum',111),(10,'rerum',115),(11,'quo',116),(12,'aut',117),(13,'aut',118),(14,'quod',120),(15,'cumque',121),(16,'et',122),(17,'fugiat',123),(18,'reprehenderit',125),(19,'sequi',127),(20,'maiores',128),(21,'omnis',129),(22,'odit',131),(23,'suscipit',133),(24,'quia',134),(25,'nihil',135),(26,'mollitia',136),(27,'officia',137),(28,'dignissimos',140),(29,'quos',141),(30,'et',142),(31,'at',144),(32,'aut',148),(33,'expedita',152),(34,'dolor',153),(35,'sequi',154),(36,'ullam',155),(37,'accusantium',156),(38,'minima',157),(39,'explicabo',161),(40,'dolorum',162),(41,'hic',163),(42,'nulla',165),(43,'magni',166),(44,'et',167),(45,'expedita',168),(46,'quia',174),(47,'sed',175),(48,'aperiam',178),(49,'omnis',179),(50,'excepturi',180),(51,'qui',181),(52,'vitae',182),(53,'magnam',183),(54,'dignissimos',185),(55,'impedit',186),(56,'nihil',189),(57,'iusto',190),(58,'enim',191),(59,'sed',193),(60,'aut',195),(61,'est',196),(62,'cum',197),(63,'consequatur',198),(64,'error',1),(65,'totam',101),(66,'voluptatem',102),(67,'quasi',103),(68,'consectetur',104),(69,'magni',105),(70,'molestiae',106),(71,'modi',108),(72,'quis',111),(73,'ea',115),(74,'aut',116),(75,'nostrum',117),(76,'recusandae',118),(77,'corporis',120),(78,'quisquam',121),(79,'in',122),(80,'molestias',123),(81,'blanditiis',125),(82,'quos',127),(83,'quas',128),(84,'perspiciatis',129),(85,'maxime',131),(86,'non',133),(87,'repudiandae',134),(88,'at',135),(89,'sunt',136),(90,'mollitia',137),(91,'et',140),(92,'explicabo',141),(93,'harum',142),(94,'quia',144),(95,'sed',148),(96,'eum',152),(97,'et',153),(98,'quae',154),(99,'iure',155),(100,'nihil',156);
/*!40000 ALTER TABLE `photo_albums` ENABLE KEYS */;
UNLOCK TABLES;

--
-- Table structure for table `photos`
--

DROP TABLE IF EXISTS `photos`;
/*!40101 SET @saved_cs_client     = @@character_set_client */;
/*!50503 SET character_set_client = utf8mb4 */;
CREATE TABLE `photos` (
  `id` bigint unsigned NOT NULL AUTO_INCREMENT,
  `photo_album_id` bigint unsigned NOT NULL,
  `media_id` bigint unsigned NOT NULL,
  UNIQUE KEY `id` (`id`),
  KEY `photo_album_id` (`photo_album_id`),
  KEY `media_id` (`media_id`),
  CONSTRAINT `photos_ibfk_1` FOREIGN KEY (`photo_album_id`) REFERENCES `photo_albums` (`id`),
  CONSTRAINT `photos_ibfk_2` FOREIGN KEY (`media_id`) REFERENCES `media` (`id`)
) ENGINE=InnoDB AUTO_INCREMENT=1001 DEFAULT CHARSET=utf8mb4 COLLATE=utf8mb4_0900_ai_ci;
/*!40101 SET character_set_client = @saved_cs_client */;

--
-- Dumping data for table `photos`
--

LOCK TABLES `photos` WRITE;
/*!40000 ALTER TABLE `photos` DISABLE KEYS */;
INSERT INTO `photos` VALUES (1,1,25),(2,1,21),(3,1,53),(4,84,33),(5,56,2),(6,31,73),(7,14,5),(8,14,61),(9,93,41),(10,30,25),(11,48,5),(12,55,77),(13,7,9),(14,38,3),(15,32,1),(16,45,89),(17,60,33),(18,5,33),(19,1,1),(20,26,25),(21,49,73),(22,90,73),(23,2,41),(24,1,61),(25,5,21),(26,4,73),(27,55,37),(28,71,73),(29,37,37),(30,48,49),(31,26,85),(32,69,3),(33,60,97),(34,61,45),(35,9,41),(36,64,29),(37,56,41),(38,82,93),(39,75,2),(40,68,5),(41,40,29),(42,41,3),(43,34,97),(44,1,57),(45,4,89),(46,72,97),(47,69,3),(48,3,21),(49,3,69),(50,58,5),(51,97,21),(52,15,49),(53,93,41),(54,75,25),(55,81,1),(56,90,97),(57,79,5),(58,61,45),(59,25,33),(60,3,5),(61,21,9),(62,91,65),(63,12,61),(64,56,77),(65,88,57),(66,1,33),(67,94,13),(68,74,73),(69,24,9),(70,61,93),(71,67,69),(72,41,21),(73,45,69),(74,11,73),(75,92,9),(76,72,93),(77,50,89),(78,88,73),(79,55,69),(80,64,85),(81,81,77),(82,61,89),(83,18,13),(84,2,21),(85,6,49),(86,61,77),(87,93,73),(88,19,1),(89,80,69),(90,23,57),(91,32,89),(92,94,89),(93,3,9),(94,88,5),(95,82,37),(96,56,5),(97,65,29),(98,13,93),(99,41,1),(100,12,77),(101,46,1),(102,30,93),(103,79,85),(104,73,17),(105,40,49),(106,22,53),(107,93,17),(108,50,93),(109,74,73),(110,60,3),(111,25,21),(112,72,1),(113,41,65),(114,2,33),(115,24,1),(116,62,37),(117,69,45),(118,11,37),(119,52,1),(120,63,65),(121,47,41),(122,98,25),(123,39,13),(124,5,45),(125,91,61),(126,34,53),(127,70,1),(128,89,81),(129,16,3),(130,14,21),(131,46,21),(132,33,73),(133,6,37),(134,43,21),(135,46,17),(136,50,13),(137,75,73),(138,87,77),(139,63,69),(140,66,69),(141,74,37),(142,41,25),(143,20,9),(144,33,49),(145,52,1),(146,62,2),(147,45,13),(148,91,97),(149,95,61),(150,88,77),(151,15,61),(152,15,17),(153,48,21),(154,91,49),(155,83,21),(156,86,85),(157,85,9),(158,48,33),(159,71,97),(160,28,3),(161,76,13),(162,98,53),(163,8,9),(164,45,5),(165,95,89),(166,36,73),(167,4,1),(168,73,93),(169,11,21),(170,65,53),(171,14,77),(172,20,69),(173,2,2),(174,23,81),(175,33,49),(176,22,2),(177,47,73),(178,95,97),(179,50,65),(180,26,9),(181,42,73),(182,39,69),(183,21,2),(184,33,33),(185,90,33),(186,58,97),(187,45,21),(188,3,3),(189,93,57),(190,46,69),(191,77,2),(192,23,5),(193,83,33),(194,23,33),(195,55,41),(196,60,57),(197,11,9),(198,37,21),(199,12,89),(200,38,21),(201,13,65),(202,94,45),(203,53,65),(204,4,57),(205,64,17),(206,62,69),(207,63,69),(208,60,73),(209,14,37),(210,64,69),(211,52,33),(212,17,77),(213,83,89),(214,47,25),(215,86,97),(216,59,1),(217,60,81),(218,41,37),(219,96,17),(220,6,77),(221,10,17),(222,55,85),(223,7,5),(224,96,85),(225,56,17),(226,86,61),(227,15,5),(228,42,17),(229,57,3),(230,71,41),(231,59,61),(232,58,9),(233,44,73),(234,46,81),(235,41,77),(236,93,85),(237,4,65),(238,83,65),(239,41,25),(240,82,25),(241,70,57),(242,94,81),(243,67,57),(244,30,77),(245,90,93),(246,48,2),(247,19,69),(248,3,49),(249,43,81),(250,14,41),(251,46,9),(252,10,5),(253,54,29),(254,66,33),(255,89,85),(256,62,2),(257,64,37),(258,36,57),(259,39,25),(260,23,69),(261,83,25),(262,49,41),(263,27,13),(264,77,93),(265,31,45),(266,72,1),(267,23,97),(268,40,89),(269,86,1),(270,70,2),(271,23,77),(272,35,65),(273,54,2),(274,16,1),(275,82,2),(276,16,93),(277,40,1),(278,86,17),(279,54,49),(280,94,3),(281,36,89),(282,25,37),(283,48,33),(284,38,17),(285,73,77),(286,88,69),(287,75,13),(288,44,89),(289,85,61),(290,56,81),(291,43,93),(292,55,57),(293,83,61),(294,63,25),(295,29,3),(296,73,1),(297,50,29),(298,49,53),(299,17,97),(300,12,65),(301,32,1),(302,37,25),(303,100,89),(304,39,29),(305,12,49),(306,51,9),(307,28,77),(308,52,25),(309,87,33),(310,14,33),(311,57,65),(312,67,81),(313,2,17),(314,26,2),(315,22,73),(316,97,93),(317,84,37),(318,13,41),(319,64,69),(320,33,45),(321,42,73),(322,47,65),(323,57,25),(324,33,25),(325,83,85),(326,53,93),(327,1,3),(328,28,53),(329,12,5),(330,51,17),(331,98,49),(332,58,17),(333,30,73),(334,69,37),(335,36,65),(336,11,93),(337,33,41),(338,21,85),(339,26,85),(340,31,21),(341,81,73),(342,94,17),(343,11,1),(344,96,73),(345,45,61),(346,70,2),(347,89,77),(348,48,45),(349,90,1),(350,53,97),(351,76,77),(352,67,5),(353,17,53),(354,62,73),(355,73,65),(356,25,2),(357,88,37),(358,44,77),(359,63,5),(360,51,69),(361,64,89),(362,25,65),(363,82,49),(364,77,57),(365,18,69),(366,54,33),(367,24,21),(368,2,97),(369,97,37),(370,81,93),(371,63,89),(372,58,13),(373,66,41),(374,45,97),(375,84,89),(376,59,85),(377,29,73),(378,51,17),(379,11,29),(380,99,29),(381,48,33),(382,25,33),(383,18,69),(384,98,81),(385,86,5),(386,70,3),(387,18,57),(388,69,37),(389,96,57),(390,97,65),(391,31,21),(392,13,25),(393,74,93),(394,56,33),(395,97,77),(396,19,61),(397,14,33),(398,78,89),(399,61,21),(400,21,69),(401,20,29),(402,17,61),(403,19,37),(404,56,9),(405,100,69),(406,85,73),(407,7,53),(408,10,21),(409,47,49),(410,6,81),(411,61,9),(412,94,33),(413,55,1),(414,73,85),(415,69,81),(416,16,25),(417,95,21),(418,3,1),(419,88,5),(420,21,29),(421,52,65),(422,83,97),(423,25,81),(424,14,69),(425,4,57),(426,54,73),(427,80,3),(428,10,5),(429,78,73),(430,92,53),(431,87,37),(432,21,5),(433,13,5),(434,85,5),(435,24,49),(436,3,33),(437,87,13),(438,95,21),(439,99,85),(440,85,33),(441,100,89),(442,60,57),(443,92,9),(444,14,77),(445,21,57),(446,82,17),(447,51,2),(448,36,49),(449,87,53),(450,87,41),(451,92,3),(452,60,21),(453,77,37),(454,51,17),(455,40,45),(456,37,17),(457,80,73),(458,67,65),(459,69,37),(460,82,29),(461,97,97),(462,78,81),(463,70,89),(464,4,17),(465,8,13),(466,81,5),(467,85,25),(468,34,45),(469,50,97),(470,17,29),(471,69,89),(472,20,53),(473,9,45),(474,84,41),(475,54,25),(476,100,69),(477,29,65),(478,97,41),(479,17,33),(480,51,2),(481,12,45),(482,76,9),(483,4,49),(484,14,77),(485,45,5),(486,45,17),(487,10,49),(488,99,81),(489,84,9),(490,48,5),(491,73,25),(492,67,3),(493,46,33),(494,14,93),(495,85,57),(496,29,81),(497,43,81),(498,81,65),(499,96,5),(500,99,81),(501,100,57),(502,17,97),(503,12,97),(504,75,25),(505,74,2),(506,56,49),(507,11,5),(508,54,41),(509,55,69),(510,44,1),(511,31,73),(512,43,21),(513,24,1),(514,82,41),(515,3,77),(516,91,37),(517,8,41),(518,23,69),(519,20,5),(520,55,61),(521,39,57),(522,57,1),(523,96,89),(524,65,49),(525,57,61),(526,4,21),(527,52,89),(528,84,73),(529,27,81),(530,26,69),(531,88,81),(532,99,61),(533,75,61),(534,77,57),(535,97,25),(536,1,13),(537,85,53),(538,19,53),(539,25,21),(540,53,97),(541,87,81),(542,40,73),(543,38,21),(544,5,81),(545,71,65),(546,70,89),(547,55,81),(548,94,57),(549,40,77),(550,13,45),(551,43,65),(552,20,13),(553,3,57),(554,47,93),(555,42,41),(556,1,85),(557,38,85),(558,45,69),(559,98,21),(560,74,81),(561,14,41),(562,91,41),(563,71,85),(564,34,37),(565,72,1),(566,6,57),(567,38,13),(568,29,61),(569,67,97),(570,40,5),(571,11,73),(572,60,69),(573,11,2),(574,65,89),(575,77,17),(576,69,9),(577,58,9),(578,10,53),(579,87,21),(580,21,81),(581,51,17),(582,62,89),(583,75,21),(584,32,9),(585,92,17),(586,7,41),(587,19,69),(588,80,89),(589,56,37),(590,52,5),(591,72,61),(592,84,17),(593,99,9),(594,19,3),(595,82,2),(596,25,85),(597,22,85),(598,68,9),(599,3,29),(600,9,97),(601,53,61),(602,4,97),(603,89,85),(604,85,81),(605,34,37),(606,92,13),(607,10,25),(608,77,89),(609,36,73),(610,55,65),(611,29,17),(612,32,49),(613,64,29),(614,16,73),(615,72,69),(616,29,5),(617,55,37),(618,63,37),(619,53,17),(620,17,77),(621,55,37),(622,18,17),(623,77,41),(624,80,73),(625,69,9),(626,3,5),(627,71,5),(628,82,1),(629,7,1),(630,77,57),(631,98,41),(632,41,2),(633,23,69),(634,45,81),(635,97,41),(636,68,21),(637,13,97),(638,28,53),(639,45,57),(640,5,65),(641,93,13),(642,44,89),(643,48,3),(644,85,81),(645,26,9),(646,43,85),(647,74,81),(648,95,81),(649,54,85),(650,79,29),(651,70,85),(652,86,49),(653,54,57),(654,97,89),(655,79,9),(656,73,9),(657,28,73),(658,33,9),(659,67,93),(660,73,69),(661,66,37),(662,14,17),(663,20,9),(664,96,33),(665,67,9),(666,76,17),(667,86,49),(668,7,69),(669,13,29),(670,30,33),(671,82,2),(672,27,13),(673,35,93),(674,56,97),(675,44,97),(676,51,85),(677,86,77),(678,92,81),(679,68,57),(680,100,77),(681,68,13),(682,9,2),(683,79,93),(684,100,49),(685,3,29),(686,37,65),(687,65,37),(688,86,73),(689,47,89),(690,52,5),(691,85,65),(692,13,37),(693,78,25),(694,60,41),(695,61,1),(696,76,73),(697,40,57),(698,45,2),(699,65,53),(700,58,2),(701,41,77),(702,48,21),(703,16,37),(704,12,1),(705,41,1),(706,92,61),(707,72,45),(708,94,3),(709,1,61),(710,17,73),(711,38,61),(712,35,3),(713,78,69),(714,9,89),(715,95,93),(716,74,13),(717,95,21),(718,42,9),(719,51,33),(720,23,49),(721,45,13),(722,12,65),(723,80,29),(724,70,1),(725,18,69),(726,7,65),(727,21,25),(728,24,49),(729,75,33),(730,79,5),(731,41,37),(732,94,97),(733,67,49),(734,77,2),(735,9,29),(736,53,77),(737,51,97),(738,93,1),(739,74,61),(740,92,49),(741,20,33),(742,76,85),(743,89,13),(744,75,97),(745,41,45),(746,80,45),(747,46,97),(748,90,45),(749,73,37),(750,20,69),(751,89,85),(752,80,81),(753,37,57),(754,81,97),(755,67,97),(756,32,9),(757,37,97),(758,60,17),(759,50,41),(760,1,77),(761,17,85),(762,21,13),(763,17,73),(764,73,3),(765,53,49),(766,28,45),(767,19,17),(768,98,5),(769,46,41),(770,46,25),(771,39,61),(772,57,2),(773,30,25),(774,35,41),(775,4,5),(776,70,13),(777,17,37),(778,18,69),(779,68,25),(780,50,85),(781,99,73),(782,42,33),(783,41,3),(784,29,3),(785,54,81),(786,50,57),(787,32,13),(788,97,97),(789,42,3),(790,52,41),(791,91,29),(792,82,81),(793,47,25),(794,71,29),(795,9,17),(796,68,1),(797,42,2),(798,2,25),(799,79,17),(800,23,21),(801,86,3),(802,54,25),(803,55,9),(804,12,45),(805,26,49),(806,64,77),(807,48,29),(808,34,25),(809,28,45),(810,2,93),(811,42,33),(812,50,57),(813,6,29),(814,87,9),(815,40,13),(816,1,45),(817,49,45),(818,78,49),(819,8,77),(820,88,65),(821,40,1),(822,93,9),(823,77,45),(824,4,21),(825,2,85),(826,36,81),(827,62,25),(828,78,2),(829,91,81),(830,37,33),(831,45,9),(832,95,2),(833,12,77),(834,18,5),(835,94,85),(836,84,89),(837,29,69),(838,17,73),(839,92,1),(840,44,89),(841,61,1),(842,5,1),(843,89,81),(844,51,81),(845,43,57),(846,11,77),(847,63,97),(848,8,1),(849,95,33),(850,92,77),(851,52,3),(852,51,29),(853,3,61),(854,26,1),(855,29,73),(856,4,37),(857,44,97),(858,93,65),(859,74,93),(860,32,5),(861,45,13),(862,96,21),(863,93,37),(864,2,49),(865,33,41),(866,89,93),(867,56,57),(868,40,3),(869,71,93),(870,30,2),(871,52,45),(872,86,69),(873,1,97),(874,74,73),(875,70,1),(876,28,61),(877,64,2),(878,43,45),(879,3,9),(880,75,1),(881,29,21),(882,71,49),(883,16,1),(884,55,21),(885,16,81),(886,73,77),(887,27,85),(888,26,49),(889,52,13),(890,1,73),(891,80,17),(892,81,97),(893,98,57),(894,68,5),(895,54,53),(896,6,73),(897,45,21),(898,54,73),(899,35,17),(900,56,53),(901,36,49),(902,59,17),(903,67,77),(904,69,53),(905,27,33),(906,3,17),(907,10,93),(908,86,9),(909,55,77),(910,3,69),(911,73,9),(912,61,85),(913,43,5),(914,98,33),(915,27,13),(916,97,17),(917,67,65),(918,46,69),(919,68,65),(920,57,17),(921,61,21),(922,75,61),(923,56,97),(924,66,41),(925,96,69),(926,97,85),(927,93,73),(928,51,97),(929,37,77),(930,53,21),(931,36,37),(932,69,81),(933,24,61),(934,78,69),(935,85,53),(936,34,93),(937,28,3),(938,76,33),(939,64,81),(940,76,21),(941,50,97),(942,13,1),(943,98,13),(944,39,1),(945,74,97),(946,85,5),(947,26,77),(948,38,37),(949,72,29),(950,43,61),(951,34,3),(952,90,17),(953,93,89),(954,60,65),(955,76,45),(956,50,49),(957,99,49),(958,8,61),(959,71,73),(960,52,97),(961,93,17),(962,31,21),(963,71,25),(964,87,13),(965,8,73),(966,60,73),(967,68,61),(968,60,45),(969,15,65),(970,73,49),(971,36,57),(972,39,57),(973,29,81),(974,25,93),(975,55,93),(976,2,3),(977,62,65),(978,87,25),(979,79,97),(980,7,65),(981,31,45),(982,45,49),(983,49,5),(984,49,29),(985,91,73),(986,56,65),(987,87,25),(988,58,45),(989,84,37),(990,20,57),(991,60,89),(992,14,2),(993,35,9),(994,60,3),(995,19,3),(996,42,97),(997,24,69),(998,72,73),(999,86,9),(1000,40,53);
/*!40000 ALTER TABLE `photos` ENABLE KEYS */;
UNLOCK TABLES;

--
-- Table structure for table `profiles`
--

DROP TABLE IF EXISTS `profiles`;
/*!40101 SET @saved_cs_client     = @@character_set_client */;
/*!50503 SET character_set_client = utf8mb4 */;
CREATE TABLE `profiles` (
  `user_id` bigint unsigned NOT NULL,
  `birthday` date DEFAULT NULL,
  `gender` char(1) CHARACTER SET utf8 COLLATE utf8_unicode_ci DEFAULT NULL,
  `hometown` varchar(100) CHARACTER SET utf8 COLLATE utf8_unicode_ci DEFAULT NULL,
  `relationship` enum('free','active searchig','in love','engaged','married') CHARACTER SET utf8 COLLATE utf8_unicode_ci DEFAULT NULL,
  `photo_id` bigint unsigned NOT NULL DEFAULT '1',
  `created_at` datetime DEFAULT CURRENT_TIMESTAMP,
  UNIQUE KEY `user_id` (`user_id`),
  KEY `photo_id` (`photo_id`),
  CONSTRAINT `profiles_ibfk_3` FOREIGN KEY (`user_id`) REFERENCES `users` (`id`),
  CONSTRAINT `profiles_ibfk_4` FOREIGN KEY (`photo_id`) REFERENCES `photos` (`id`)
) ENGINE=InnoDB DEFAULT CHARSET=utf8mb3 COLLATE=utf8_unicode_ci;
/*!40101 SET character_set_client = @saved_cs_client */;

--
-- Dumping data for table `profiles`
--

LOCK TABLES `profiles` WRITE;
/*!40000 ALTER TABLE `profiles` DISABLE KEYS */;
INSERT INTO `profiles` VALUES (1,'1991-09-24','m','Stehrton','active searchig',1,'2009-08-01 23:45:41'),(101,'1991-02-28','m','North Jaclynborough','active searchig',2,'2004-02-21 01:54:37'),(102,'1979-10-08','m','Botsfordhaven','active searchig',3,'2020-12-22 21:32:18'),(103,'1974-07-28','m','Hackettview','free',1,'1985-09-13 13:52:14'),(104,'1990-11-11','f','West Ora','active searchig',2,'2001-01-08 10:05:27'),(105,'1994-07-03','m','Nellieton','engaged',3,'1984-02-14 03:31:21'),(106,'1973-06-07','m','Auerside','engaged',1,'1988-07-06 22:48:09'),(108,'2014-03-18','f','New Pietro','active searchig',2,'1971-12-08 11:39:48'),(111,'1974-08-05','m','Bessiefurt','engaged',3,'2015-05-03 06:20:27'),(115,'1981-01-27','f','Schmidtville','in love',1,'2017-01-25 17:20:27'),(116,'1972-06-15','f','Vicentechester','in love',2,'1997-01-09 04:20:48'),(117,'2007-07-29','f','Cierraland','in love',3,'2013-10-20 17:31:58'),(118,'1985-02-20','m','Alberthachester','engaged',1,'2017-02-05 00:15:14'),(120,'1994-03-19','m','West Kitty','married',2,'1986-04-12 16:26:48'),(121,'2008-12-14','m','West Holly','in love',3,'2006-10-08 10:37:43'),(122,'1978-01-14','m','West Courtney','engaged',1,'2013-07-15 09:03:55'),(123,'2016-03-18','m','Paucekshire','married',2,'1985-03-23 09:25:55'),(125,'1988-02-24','m','South Seamus','married',3,'2016-09-18 03:04:19'),(127,'2018-01-14','f','Graysonbury','married',1,'1985-05-03 12:47:15'),(128,'2006-05-25','m','East Alexandretown','engaged',2,'1984-03-28 05:19:07'),(129,'2012-10-30','f','Marquardtmouth','in love',3,'1981-10-05 12:34:44'),(131,'1991-03-30','f','Vernerberg','engaged',1,'1979-07-04 00:01:54'),(133,'1999-12-23','f','Lake Bryon','engaged',2,'2000-03-22 13:57:36'),(134,'1993-03-06','m','North Domenic','active searchig',3,'1985-06-23 07:44:11'),(135,'1985-07-09','m','Rueckerstad','married',1,'1979-01-08 03:35:57'),(136,'1974-01-04','m','New Adrianatown','married',2,'2013-12-22 15:25:34'),(137,'1997-08-06','f','Sanfordport','engaged',3,'2016-11-02 12:29:29'),(140,'1993-11-27','f','New Gunnarside','married',1,'1981-11-07 09:33:12'),(141,'1988-11-27','m','East Sarina','engaged',2,'1983-11-18 16:42:02'),(142,'2003-06-06','f','New Brooklyn','in love',3,'2008-02-20 09:06:00'),(144,'1996-07-29','m','Hassiechester','active searchig',1,'2019-08-06 09:45:51'),(148,'1972-11-21','f','Abernathyshire','married',2,'2017-04-13 19:38:39'),(152,'2001-09-27','f','Marvinville','active searchig',3,'1995-01-13 03:52:39'),(153,'1971-03-26','m','Alysaside','engaged',1,'1978-11-04 05:01:49'),(154,'1998-03-04','m','Konopelskiberg','active searchig',2,'1998-03-13 20:54:23'),(155,'2004-10-19','f','North Wendy','free',3,'2020-04-01 07:38:14'),(156,'1977-09-08','m','Lebsackshire','active searchig',1,'2003-02-03 08:15:30'),(157,'1997-06-05','m','Veumbury','in love',2,'1977-10-20 12:57:02'),(161,'1980-01-05','m','Mrazchester','in love',3,'2010-11-25 18:48:16'),(162,'2001-08-29','f','Lake Tristianfort','engaged',1,'2008-11-05 17:20:02'),(163,'1983-02-14','m','Bellefurt','free',2,'2017-10-16 13:48:40'),(165,'1977-06-06','f','Mariamland','active searchig',3,'2014-03-12 19:06:35'),(166,'2013-01-02','m','South Alphonso','in love',1,'1998-06-23 12:44:56'),(167,'1984-06-24','m','Grantview','married',2,'2009-12-13 04:27:10'),(168,'1973-11-14','m','Adolphusfurt','active searchig',3,'1987-05-28 03:42:29'),(174,'2008-02-21','f','Hagenesport','married',1,'1988-10-29 11:13:44'),(175,'1984-07-15','f','West Leoraside','active searchig',2,'2011-08-28 13:36:43'),(178,'1970-10-28','m','Port Theronville','free',3,'1994-05-07 15:30:07'),(179,'1994-07-27','f','New Sashamouth','active searchig',1,'1972-05-18 07:46:06'),(180,'2004-10-02','m','Yasminehaven','in love',2,'2003-07-19 06:43:18'),(181,'2001-12-30','m','New Gerson','active searchig',3,'1988-02-17 00:55:59'),(182,'2002-01-07','f','Cummingsfort','in love',1,'1981-08-24 13:44:47'),(183,'1991-12-22','f','Jodieland','in love',2,'1978-10-18 03:25:56'),(185,'2004-03-03','m','Verniebury','active searchig',3,'1991-03-27 10:40:46'),(186,'2011-01-09','f','Kuvalisburgh','married',1,'2011-11-29 07:51:01'),(189,'1971-03-13','f','Goldnerchester','free',2,'2018-10-08 10:50:20'),(190,'2020-04-30','m','East Lori','engaged',3,'1992-10-08 23:19:07'),(191,'2007-05-21','m','Farrellville','free',1,'2005-02-24 08:59:11'),(193,'1971-07-02','f','West Chaunceymouth','free',2,'2010-03-03 04:25:56'),(195,'1980-10-14','f','Lednerfort','in love',3,'2012-01-19 01:02:06'),(196,'2002-03-24','m','Kundeland','married',1,'2011-01-13 10:02:08'),(197,'2000-06-04','m','North Kaylah','married',2,'1997-08-21 18:45:28'),(198,'1983-01-09','m','North Ramon','married',3,'1987-07-14 02:37:43');
/*!40000 ALTER TABLE `profiles` ENABLE KEYS */;
UNLOCK TABLES;

--
-- Table structure for table `profiles_likes`
--

DROP TABLE IF EXISTS `profiles_likes`;
/*!40101 SET @saved_cs_client     = @@character_set_client */;
/*!50503 SET character_set_client = utf8mb4 */;
CREATE TABLE `profiles_likes` (
  `id` bigint unsigned NOT NULL AUTO_INCREMENT,
  `user_id` bigint unsigned NOT NULL,
  `liked_user_id` bigint unsigned NOT NULL,
  `create_at` datetime DEFAULT CURRENT_TIMESTAMP,
  UNIQUE KEY `id` (`id`),
  KEY `user_id` (`user_id`),
  KEY `liked_user_id` (`liked_user_id`),
  CONSTRAINT `profiles_likes_ibfk_1` FOREIGN KEY (`user_id`) REFERENCES `users` (`id`),
  CONSTRAINT `profiles_likes_ibfk_2` FOREIGN KEY (`liked_user_id`) REFERENCES `users` (`id`)
) ENGINE=InnoDB AUTO_INCREMENT=101 DEFAULT CHARSET=utf8mb3 COLLATE=utf8_unicode_ci;
/*!40101 SET character_set_client = @saved_cs_client */;

--
-- Dumping data for table `profiles_likes`
--

LOCK TABLES `profiles_likes` WRITE;
/*!40000 ALTER TABLE `profiles_likes` DISABLE KEYS */;
INSERT INTO `profiles_likes` VALUES (1,1,166,'1980-05-06 11:42:02'),(2,101,115,'2008-04-24 21:17:15'),(3,102,198,'1977-01-06 20:06:58'),(4,103,175,'1996-01-23 23:32:49'),(5,104,175,'1973-09-03 01:07:35'),(6,105,156,'1981-04-08 08:32:43'),(7,106,111,'1994-01-31 06:29:28'),(8,108,121,'2001-12-17 09:09:05'),(9,111,116,'1981-03-01 20:19:45'),(10,115,127,'1981-02-08 04:52:05'),(11,116,131,'1995-09-26 23:08:51'),(12,117,161,'1973-01-17 20:18:38'),(13,118,125,'1988-06-27 04:47:08'),(14,120,121,'1989-05-17 08:18:19'),(15,121,116,'1998-06-25 07:14:27'),(16,122,154,'1976-05-28 21:31:39'),(17,123,123,'2016-10-19 03:07:07'),(18,125,155,'2003-02-10 21:46:27'),(19,127,196,'2005-08-24 06:41:20'),(20,128,175,'2005-03-31 17:47:04'),(21,129,121,'2014-04-02 14:02:46'),(22,131,195,'1974-01-22 18:41:24'),(23,133,142,'2000-07-03 08:58:49'),(24,134,101,'2005-11-09 16:24:15'),(25,135,152,'1988-01-31 19:09:31'),(26,136,195,'2019-09-25 21:23:31'),(27,137,115,'2018-10-07 15:34:18'),(28,140,183,'2018-12-15 17:25:30'),(29,141,118,'2001-04-03 06:41:03'),(30,142,168,'2006-08-16 04:53:24'),(31,144,123,'1977-06-22 04:53:04'),(32,148,133,'1973-08-26 22:25:09'),(33,152,191,'2003-02-14 07:20:03'),(34,153,125,'1994-03-26 11:57:58'),(35,154,128,'1974-05-18 10:18:19'),(36,155,181,'1976-07-26 15:03:23'),(37,156,117,'1976-04-09 02:57:50'),(38,157,191,'1989-08-10 13:26:43'),(39,161,104,'1990-02-10 03:05:57'),(40,162,106,'1985-12-21 15:51:11'),(41,163,144,'2017-04-26 06:27:49'),(42,165,186,'2015-11-13 03:34:49'),(43,166,190,'1989-01-14 13:08:27'),(44,167,123,'1990-08-17 11:57:11'),(45,168,115,'2010-06-22 01:11:18'),(46,174,136,'1989-01-26 12:11:07'),(47,175,131,'1990-08-14 01:30:55'),(48,178,137,'1971-12-04 19:41:48'),(49,179,121,'2018-07-29 08:42:15'),(50,180,102,'1970-10-24 18:05:45'),(51,181,166,'1993-06-22 13:44:43'),(52,182,127,'1973-03-18 14:38:44'),(53,183,179,'2016-08-03 10:18:07'),(54,185,117,'2010-01-24 03:49:30'),(55,186,162,'1972-06-07 14:36:16'),(56,189,166,'2017-03-22 08:26:42'),(57,190,178,'1997-05-13 20:14:40'),(58,191,101,'1989-07-09 18:13:04'),(59,193,165,'1994-05-23 20:21:17'),(60,195,185,'1997-05-11 20:07:25'),(61,196,120,'1993-12-21 10:12:51'),(62,197,141,'1982-12-28 05:41:09'),(63,198,136,'2016-09-22 16:13:51'),(64,1,120,'1996-04-28 19:22:45'),(65,101,179,'2020-12-16 21:59:12'),(66,102,186,'2007-01-06 04:14:04'),(67,103,133,'1977-09-18 20:06:17'),(68,104,123,'1973-03-05 14:26:53'),(69,105,165,'1983-10-03 07:08:59'),(70,106,136,'1993-10-29 09:05:58'),(71,108,101,'1985-12-08 01:09:18'),(72,111,191,'2000-06-11 06:20:22'),(73,115,175,'2013-08-20 13:34:00'),(74,116,180,'1972-05-15 07:38:57'),(75,117,117,'1972-01-08 15:24:31'),(76,118,183,'2005-05-17 15:25:43'),(77,120,193,'2014-11-25 09:37:32'),(78,121,183,'1996-11-17 08:00:23'),(79,122,127,'1980-07-23 15:11:08'),(80,123,157,'1979-12-22 00:44:12'),(81,125,174,'1972-01-02 02:39:38'),(82,127,118,'2012-02-10 14:22:45'),(83,128,140,'1994-04-12 20:05:21'),(84,129,140,'1988-12-31 06:34:06'),(85,131,189,'1999-03-17 11:28:52'),(86,133,137,'1971-06-07 09:15:49'),(87,134,131,'1992-09-05 03:35:42'),(88,135,125,'1995-04-13 10:02:48'),(89,136,180,'2012-03-04 00:58:06'),(90,137,121,'1978-08-29 19:02:20'),(91,140,120,'1977-08-22 00:10:34'),(92,141,108,'1983-01-29 18:01:05'),(93,142,140,'2018-04-07 08:53:07'),(94,144,197,'2007-03-11 07:47:24'),(95,148,180,'2011-05-30 08:12:04'),(96,152,142,'1976-05-04 18:00:18'),(97,153,142,'2004-03-03 21:56:33'),(98,154,122,'1971-08-11 19:27:52'),(99,155,134,'2001-11-24 11:59:35'),(100,156,191,'1980-10-20 22:20:05');
/*!40000 ALTER TABLE `profiles_likes` ENABLE KEYS */;
UNLOCK TABLES;

--
-- Table structure for table `user_communities`
--

DROP TABLE IF EXISTS `user_communities`;
/*!40101 SET @saved_cs_client     = @@character_set_client */;
/*!50503 SET character_set_client = utf8mb4 */;
CREATE TABLE `user_communities` (
  `user_id` bigint unsigned NOT NULL,
  `community_id` bigint unsigned NOT NULL,
  PRIMARY KEY (`user_id`,`community_id`),
  KEY `community_id` (`community_id`),
  CONSTRAINT `user_communities_ibfk_1` FOREIGN KEY (`user_id`) REFERENCES `users` (`id`),
  CONSTRAINT `user_communities_ibfk_2` FOREIGN KEY (`community_id`) REFERENCES `communities` (`id`)
) ENGINE=InnoDB DEFAULT CHARSET=utf8mb3 COLLATE=utf8_unicode_ci;
/*!40101 SET character_set_client = @saved_cs_client */;

--
-- Dumping data for table `user_communities`
--

LOCK TABLES `user_communities` WRITE;
/*!40000 ALTER TABLE `user_communities` DISABLE KEYS */;
INSERT INTO `user_communities` VALUES (1,1),(101,2),(102,3),(103,4),(104,5),(105,6),(106,7),(108,8),(111,9),(115,10),(116,11),(117,12),(118,13),(120,14),(121,15),(122,16),(123,17),(125,18),(127,19),(128,20),(129,21),(131,22),(133,23),(134,24),(135,25),(136,26),(137,27),(140,28),(141,29),(142,30),(144,31),(148,32),(152,33),(153,34),(154,35),(155,36),(156,37),(157,38),(161,39),(162,40),(163,41),(165,42),(166,43),(167,44),(168,45),(174,46),(175,47),(178,48),(179,49),(180,50),(181,51),(182,52),(183,53),(185,54),(186,55),(189,56),(190,57),(191,58),(193,59),(195,60),(196,61),(197,62),(198,63),(1,64),(101,65),(102,66),(103,67),(104,68),(105,69),(106,70),(108,71),(111,72),(115,73),(116,74),(117,75),(118,76),(120,77),(121,78),(122,79),(123,80),(125,81),(127,82),(128,83),(129,84),(131,85),(133,86),(134,87),(135,88),(136,89),(137,90),(140,91),(141,92),(142,93),(144,94),(148,95),(152,96),(153,97),(154,98),(155,99),(156,100);
/*!40000 ALTER TABLE `user_communities` ENABLE KEYS */;
UNLOCK TABLES;

--
-- Table structure for table `users`
--

DROP TABLE IF EXISTS `users`;
/*!40101 SET @saved_cs_client     = @@character_set_client */;
/*!50503 SET character_set_client = utf8mb4 */;
CREATE TABLE `users` (
  `id` bigint unsigned NOT NULL AUTO_INCREMENT,
  `firstname` varchar(50) DEFAULT NULL,
  `lastname` varchar(100) DEFAULT NULL,
  `email` varchar(120) DEFAULT NULL,
  `password_hash` varchar(100) DEFAULT NULL,
  `phone` bigint unsigned DEFAULT NULL,
  PRIMARY KEY (`id`),
  UNIQUE KEY `email` (`email`),
  UNIQUE KEY `phone` (`phone`),
  KEY `users_firstname_lastname_idx` (`firstname`,`lastname`)
) ENGINE=InnoDB AUTO_INCREMENT=199 DEFAULT CHARSET=utf8mb4 COLLATE=utf8mb4_0900_ai_ci;
/*!40101 SET character_set_client = @saved_cs_client */;

--
-- Dumping data for table `users`
--

LOCK TABLES `users` WRITE;
/*!40000 ALTER TABLE `users` DISABLE KEYS */;
INSERT INTO `users` VALUES (1,'root','admin','sn_admin_mail@yandex.ru','qwerty',NULL),(101,'Raul','Crist','armand01@example.org','037f5cba460eb0432e8c408ed84ed8ef9e5bacd9',8537524363),(102,'Bernice','Wolff','giles47@example.net','30c4c1de798266bd06b6503b62d1ce512b258c1e',763),(103,'Deshawn','Boyle','bbergstrom@example.com','50d6a9a5188dd187e0a5cbcff17f5f92aef40d27',1),(104,'Ola','Crist','huel.alessandra@example.net','0955bff105e001131075b91f0298d0eec9f5bef4',143138),(105,'Randal','Schmitt','jcollins@example.com','a27217764bc2cddd73870bc091ccd91a88b6fc75',58703),(106,'Dane','Treutel','gkiehn@example.org','8b1af5c9d765de16f113aa17cddc2304e4245614',0),(108,'Yasmine','Johnson','mekhi.casper@example.net','008c3dab6313bb7b0e6a4f2761ab2fadb2dce503',52561),(111,'Ward','Kiehn','amy.batz@example.org','61949eb40ea6e0244a26cbd41e408cffd20f65ae',546),(115,'Clara','Fisher','stella10@example.org','c953b206853debc4406cf93388dc9898ba63d76a',8047829857),(116,'Emmy','Bednar','arnoldo33@example.org','3d0994568a0aa96757e4d0550129db64806f7fe6',524),(117,'Mason','Bergnaum','oratke@example.net','f73211b501d1f3d9c9af49e9f92edb4593e845bc',584),(118,'Nova','Spinka','jdavis@example.com','a8929e7eee285abdc126ce577aadfbab92f0b0d1',342355),(120,'Felix','Schaden','kelton56@example.net','d56e93e330a29bc11744e6e5fcd58f113e4e53f0',347329),(121,'Jaron','Greenholt','stroman.cali@example.com','e5849727af490dcc4fa4f4e4b76bbbd062270281',397317),(122,'Kelley','Abshire','oliver.effertz@example.com','7ddc59602272d8f1716e38a1505204ad4b84e137',254760),(123,'Roslyn','Larson','colten16@example.net','890c2c923d35f9c1417bc3fa4bb5761c61815e55',319716),(125,'Kenton','Aufderhar','gordon.langworth@example.net','c67d5f7cc0ef713f01d5a81739cb49c1538eb40f',65),(127,'Cleta','Krajcik','tstracke@example.net','d2824d351407ab45df69ac66bc2546dd7d917e8b',721),(128,'Trey','Zemlak','schinner.harmon@example.org','15dfd54a2e3b08701d9f08d85b3b5a14a0a15886',615609),(129,'Enid','Braun','bella00@example.net','ece9284f3b8be99bc826ed4c14ed359a0705f959',48),(131,'Sydnee','Bartell','jake.reichert@example.com','be353c4be028156994a406f78e61ad5ef39b1953',376708514),(133,'Pearline','Fritsch','terrence.weber@example.net','0679a26093247ce88f746b91dc8444d542ca06b2',367),(134,'Rylan','Luettgen','omer78@example.net','228234a8a6ebf25a5cff5e199ca5d9a851ebd148',783999),(135,'Lorna','Ankunding','jevon.borer@example.com','5d081f7a3977d510bf5906cda9669c42280c84fc',165158),(136,'Antonio','Wolf','amie.schimmel@example.org','69e66f10c09966c4b380bf5f91cae2f24ff4e065',945),(137,'Christine','Crona','reggie70@example.com','804204fe0b79a8775cd3f3ad726747eb143343f0',929),(140,'Margarett','Fay','george01@example.com','820d2831e0c94d493c877f97e2ce7e342a2b9f57',47293),(141,'Catalina','Nienow','francisca71@example.com','50f7620e48f081c48d12e26b526b370a80c32b59',22),(142,'Anne','Hirthe','rusty.fadel@example.org','5bac908f955438f1413cc1bb2e226ba68fa1ef58',943167),(144,'Bria','Hegmann','sipes.quincy@example.net','baa694ee66cd9efb5643f85ce82529374506e870',868),(148,'Sterling','Marvin','pollich.greyson@example.net','1526e3a12142423c6747248a8830b57544ed9d94',28),(152,'Pierre','Bradtke','ndickinson@example.org','2cf144570c2e3318b42323bded8144ddba6bb9c6',517),(153,'Lamar','Haley','renner.sherman@example.org','8af9d62528806e103d86722b7c03ac86ddb3a3b0',94),(154,'Donna','Pfannerstill','willms.sheldon@example.net','00bd636c3d0246927db7ec815df09967adf59792',404694),(155,'Juanita','Kling','judd43@example.net','51dabdfede785a693d30a63ee196b6d1fd1d9e40',336296),(156,'Kirk','Effertz','veronica32@example.com','3618557c988c23a9af5dd489837f8e9319c0077b',676840),(157,'Stacy','O\'Keefe','julie09@example.com','8d35cf8127e12d7a53e9323adc983842575acada',164),(161,'Peter','Vandervort','qlittel@example.org','7b79a17c7e391467c6ae1c7c8f3274553ef5860b',160701),(162,'Vicenta','Bartell','marvin.marquardt@example.com','118a1214783d06727ae8d8b9ac90fdfe8c856f29',69),(163,'Rashawn','Kulas','marvin.quinton@example.net','2d529fb72aa2696dc17001b8f82621ab092f9fbe',960250),(165,'Beverly','Rice','xsmitham@example.org','4d5092c272c510254eef3bcde52511e847a1c163',800380),(166,'Roma','Thompson','schimmel.haylee@example.org','1148d108b4f1cf8702a38cab7d85bff9d60f3821',7434158455),(167,'Gerson','Nicolas','blair54@example.com','f5b602ed564ed881448627817030c4ee86b3ba90',9),(168,'Susie','Russel','mraz.nellie@example.com','f31fcd5433c6483da0c2e568c242fe0178e99972',58),(174,'Laila','Goodwin','mbatz@example.net','e0c366d31a81e3f02075376e0b9da1e017f0c374',392),(175,'Lue','Fahey','ihuels@example.org','c63f1516c15131e4372bba360bfbd02b449cbfe5',473141),(178,'Elias','Rath','lbernhard@example.org','a881a4fce2ffb1c065397fe438ceb0b3da633edd',27427),(179,'Zaria','Farrell','lockman.shayna@example.com','1be23b6eded88094a6535b68fe89900dd3d4de6f',23),(180,'Joel','Hoppe','alfred53@example.net','41e0b5ad7edf22ec8d5904144fa24bd2451381d8',8471596676),(181,'Amara','Waters','bgusikowski@example.net','e7ad60af2e84f771e5220002244378c9ebbc48f0',778),(182,'Roderick','Farrell','mazie.smitham@example.com','3deb15d5caa54f898d19578b8105baa756a32277',398937),(183,'Jailyn','Lowe','sarai17@example.net','4472accc5baaa030ea99e3edd00121d211715a30',971341),(185,'Zetta','Waelchi','lynch.adalberto@example.org','042c168a910a23d234e6756c5bb7448a15278960',67),(186,'Zakary','Daugherty','friesen.camron@example.org','337376686c90df01b08cdf6a92bbbc9f46f783a6',3183070605),(189,'Kimberly','Ferry','lori80@example.org','6dc9e7dd71ff3b483a48d02600e794b326aa0540',748167),(190,'Warren','Dickens','xbradtke@example.org','824d6bdcb497a9d09540848bb05e9d41c33bee3a',6),(191,'Donnie','Zboncak','duncan05@example.org','6bc23b7d5e2e9c5adfd5a9f61e6ec9fd8dc28c63',3013751922),(193,'Cyrus','Goyette','adrien99@example.com','b71f323b83af91fadaec912e73413de1fa81c877',489),(195,'Mauricio','Kerluke','weston77@example.net','fe050f735ca66a86087ba6b3f9295935c9dabebe',452385),(196,'Kiara','Greenfelder','rylee.stiedemann@example.net','5a705b631b66b3cda5a9adaa74963f6e95b05ed2',203400),(197,'Ezequiel','Mayert','vhomenick@example.net','ffdae0d1bd6ea9181da593177f17325980832720',6831612927),(198,'Candida','Bauch','leslie.rohan@example.org','9880eb6e1fa1421f9031949c075ac2ed7e7cd644',33);
/*!40000 ALTER TABLE `users` ENABLE KEYS */;
UNLOCK TABLES;
/*!40103 SET TIME_ZONE=@OLD_TIME_ZONE */;

/*!40101 SET SQL_MODE=@OLD_SQL_MODE */;
/*!40014 SET FOREIGN_KEY_CHECKS=@OLD_FOREIGN_KEY_CHECKS */;
/*!40014 SET UNIQUE_CHECKS=@OLD_UNIQUE_CHECKS */;
/*!40101 SET CHARACTER_SET_CLIENT=@OLD_CHARACTER_SET_CLIENT */;
/*!40101 SET CHARACTER_SET_RESULTS=@OLD_CHARACTER_SET_RESULTS */;
/*!40101 SET COLLATION_CONNECTION=@OLD_COLLATION_CONNECTION */;
/*!40111 SET SQL_NOTES=@OLD_SQL_NOTES */;

-- Dump completed on 2021-09-18 17:13:08
